input_id	log2fc	p	met_id	matched_on
nan	-5.07	0.000821021850025		
nan	2.01	0.0063520719236179		
nan	-2.1	0.0110863081837558		
nan	2.08	0.0248970929696695		
nan	-6.17	0.001193969762405		
nan	-4.43	1.91711835073605e-05		
nan	-3.05	0.0016867796696467		
nan	-0.91	0.529918924828326		
nan	-2.06	0.0042199790571333		
nan	-2.83	0.0004312374154326		
nan	-8.17	0.005005560283432		
nan	-3.28	0.0044130830788943		
nan	-3.63	0.009698577603238		
nan	-4.7	0.0012471624500439		
nan	-4.26	0.0271917610923745		
nan	-5.1	0.0081856744212689		
nan	-7.61	0.0257384173917587		
nan	-6.4	0.0063257455510642		
nan	-4.32	0.0131232830703553		
nan	-6.05	0.0091992966696988		
nan	-6.84	0.001762481468039		
nan	-3.9	0.0040969784922351		
nan	-8.1	0.0245312993381647		
nan	-7.22	0.0103220565576585		
nan	-3.27	0.0332628839155995		
nan	-3.46	0.0111889191124049		
nan	-4.37	0.0111855538869888		
nan	-4.2	0.0056889069727075		
nan	-4.47	0.0044635079399164		
nan	1.57	0.0386141749392823		
nan	0.87	0.424552789475118		
nan	-2.99	0.0019006392060928		
nan	-0.15	0.938156977474137		
nan	-3.89	0.0063330704173656		
nan	-4.03	0.0004394541226179		
nan	-0.8	0.974887628221677		
nan	-1.76	0.0055605405374197		
nan	-1.31	0.807590372084235		
nan	3.1	0.0255602793461007		
nan	-1.93	0.0024705361350293		
nan	-4.61	0.0081674691065239		
nan	2.89	0.031407911883281		
nan	1.48	0.0193203589700409		
nan	-4.11	0.0007434689352066		
nan	-7.66	0.0057513771217658		
nan	-3.41	0.0034276350670775		
nan	-4.33	0.023870436373733		
nan	-5.74	0.0037191797933607		
nan	-2.32	0.0024219048342093		
nan	-1.71	0.0001455830785273		
nan	-3.03	0.0010955992712431		
nan	-4.82	0.0006017415467337		
nan	-4.11	0.0108796561738872		
nan	-4.12	6.57628217526351e-06		
nan	-4.17	0.0004965992998384		
nan	-0.99	0.996176972575998		
nan	2.01	0.0181602824746585		
nan	-4.67	0.0003711761259795		
nan	-0.66	0.707479623927408		
nan	-4.38	0.0024493196437938		
nan	2.58	0.0003157407828774		
nan	-0.6	0.695059911626586		
nan	0.97	0.0206840943800523		
nan	-3.18	0.0093173541629905		
nan	-3.53	0.0012509619763009		
nan	-3.5	0.000465387299909		
nan	-9.45	0.0003000379292424		
nan	-2.13	0.0002866427393852		
nan	-4.925	0.0011440452519597		
nan	1.9	0.0151401808323631		
nan	1.34	0.0027838819543842		
nan	-3.46	7.53188434954311e-06		
nan	-0.08	0.914697735506515		
nan	-3.63	0.000781199942572		
nan	-5.41	0.0041484647837738		
nan	-10.33	0.0005747472339058		
nan	-4.31	1.16721785368146e-05		
nan	-4.42	9.02037311489856e-06		
nan	-1.21	0.0402573700127862		
nan	-7.5	0.0081776450941093		
nan	-0.96	0.170428296308314		
nan	-3.71	5.59208496221375e-05		
nan	-2.56	0.0031962457768228		
nan	1.41	0.0380874605338878		
nan	-2.98	0.0034085348550591		
nan	-2.68	8.39063382551686e-07		
nan	-2.88	0.0013734249312626		
nan	-5.13	0.000497952324157		
nan	-1.51	0.362227930036458		
nan	-5.87	0.000109536000004		
nan	-0.65	0.0585341678975206		
nan	-1.35	0.542621767322743		
nan	-1.45	0.0025963633256452		
nan	3.03	0.0035454405076974		
nan	1.3	0.0108437814975363		
nan	4.56	5.96179596557e-06		
nan	-1.41	0.0018696601656851		
nan	-1.74	0.0304531449655413		
nan	-3.55	0.0106466451440571		
nan	-0.69	0.99580675714717		
nan	2.27	0.0460926196822822		
nan	-3.67	0.0073495477401779		
nan	-6.25	0.000515177823476		
nan	-2.48	0.0373499975626184		
nan	0.79	0.616661557212975		
nan	-8.79	0.0005375381900686		
nan	-1.96	0.0039731036971202		
nan	-0.59	0.789785751016204		
nan	-3.37	0.0019791977026071		
nan	0.42	0.111988565804227		
nan	-5.34	0.0027107376846412		
nan	-3.27	0.0040362885287068		
nan	-4.33	0.0044289550594801		
nan	-1.01	0.0033513377509809		
nan	-1.26	0.0193900937362073		
nan	1.46	0.512914903524375		
nan	-1.01	0.003989936567149		
nan	-2.94	0.0028037877579899		
nan	-5.51	0.0092601095788529		
nan	-9.24	0.0017740771840334		
nan	-1.77	0.0151685457967446		
nan	-6.4	0.0002054118905553		
nan	-7.55	0.000586220749552		
nan	-3.24	0.0094160688453461		
nan	-1.46	0.0063483232506352		
nan	-5.1	0.0050088453895214		
nan	-2.22	0.0036370119841523		
nan	-4.4	0.004963894723504		
nan	0.33	0.950163441683548		
nan	-4.04	0.016918748415816		
nan	0.91	0.331740877445577		
nan	-3.08	0.0150424926820827		
nan	-2.95	0.0066809725886835		
nan	-3.49	0.0016997774830225		
nan	-2.39	0.0100175266043453		
nan	-5.95	0.0050748280080346		
nan	-0.82	0.961670399469107		
nan	-4.06	0.0027415461509547		
nan	-3.46	0.0054288199642136		
nan	-3.12	0.002712646772645		
nan	-8.26	0.0170999631651109		
nan	1.0	0.909136093760222		
nan	-5.2	0.0023451404743553		
nan	-3.04	0.0113126946334176		
nan	-3.01	0.009875587692243		
nan	-2.99	0.0035028334783211		
nan	1.16	0.0573558268707468		
nan	-4.37	8.00998893002447e-06		
nan	2.93	0.0008813220167452		
nan	-3.78	0.0283677940418995		
nan	-3.32	0.0006674683460033		
nan	-3.74	0.0019884259236372		
nan	-4.17	0.001561044919933		
nan	-4.83	0.00193206059191		
nan	4.13	0.0008376780656581		
nan	-4.81	0.0005720558553944		
nan	-0.78	0.176903987626611		
nan	-1.05	0.0370993656224913		
nan	-2.5	0.0016348811872212		
nan	-2.34	0.0251636121186558		
nan	-2.44	0.0364462081708317		
nan	-2.22	0.0028691396470761		
nan	-2.47	0.0146466829116739		
nan	-1.51	0.59681246638141		
nan	-1.3	0.0170601032122722		
nan	-2.46	0.0001162785061988		
nan	4.13	0.0001897559837755		
nan	-6.6	0.0019949866991095		
nan	-3.24	0.0024470661905874		
nan	-0.31	0.933582104307986		
nan	-2.71	0.0438652769166035		
nan	-3.18	0.0395917348339483		
nan	0.9	0.256858598364945		
nan	-4.9	0.0007156495999102		
nan	-3.33	0.010043373428148		
nan	-1.63	0.04350558020624		
nan	-2.31	0.0094569384514775		
nan	-3.93	0.0030889795080758		
nan	-2.09	0.00301544890149		
nan	-3.76	0.0047125484746339		
nan	-2.75	0.000413160612203		
nan	-6.59	8.07864886098741e-10		
nan	-3.42	0.0167636028572798		
nan	2.26	0.0178987182152134		
nan	-3.27	0.0052671315964596		
nan	-3.71	2.46257616501877e-05		
nan	1.64	0.017481203431029		
nan	-6.95	0.0128559317148215		
nan	-4.97	0.0036387245925577		
nan	3.88	0.0003218632491683		
nan	3.52	0.0004444809828851		
nan	-1.16	0.0393591463868606		
nan	-2.84	0.0007094343091549		
nan	-3.04	0.0158504708934123		
nan	2.25	0.0361045353786025		
nan	9.57	1.39707738711081e-07		
nan	-2.69	0.0080374482611866		
nan	-0.22	0.86880023946785		
nan	-2.73	0.0103039517418432		
nan	-3.44	0.0095574398620428		
nan	-4.66	5.39871988796126e-05		
nan	-4.72	7.39712604980181e-06		
nan	-5.03	0.001319613595818		
nan	-2.1	0.00258255143708		
nan	-1.11	0.969122159775501		
nan	2.15	0.0013282718402454		
nan	-2.4	0.0276018875647236		
nan	0.05	0.90713457315492		
nan	-0.37	0.781546221047923		
nan	-2.25	0.0008104154778616		
nan	-2.9	0.0077716238753465		
nan	-1.1	0.215621986071354		
nan	-3.99	0.0054532583180979		
nan	-3.01	0.0024547552681298		
nan	-0.22	0.86880023946785		
nan	-5.27	0.0026333305092121		
nan	-4.09	0.0322419785474779		
nan	-0.16	0.943405166012967		
nan	-3.03	0.0188317402278826		
nan	1.92	0.0254874068617335		
nan	4.18	5.21940032460755e-06		
nan	-2.77	0.0058059314220438		
nan	-1.81	0.0009748664438793		
nan	-2.27	0.0390809515865571		
nan	-1.34	0.0158896224523639		
nan	0.78	0.273570011948753		
nan	-3.26	0.0141777161091912		
nan	1.89	0.339106832377064		
nan	-2.83	0.0004339077183256		
nan	-3.01	0.0030147982717245		
nan	-2.26	0.0118921240934308		
nan	6.82	6.96735780181257e-10		
nan	2.56	0.0038832689203577		
nan	-2.91	0.0012208901066191		
nan	-4.86	0.0001453477221158		
nan	-5.03	0.022697734301838		
nan	-2.33	0.0132711955575679		
nan	-2.79	0.0429066002027852		
nan	4.11	1.65033932297831e-07		
nan	-4.06	0.001472939594899		
nan	-2.78	0.0055692742579249		
nan	-2.05	0.009823762822087		
