ensembl_id	symbol	best_score	best_metabolite	basis	n_metabolites
ENSG00000067829	IDH3G	0.9996076892899176	MAM02774 propanoyl-CoA	carries current	6
ENSG00000185825	BCAP31	0.9996076892899176	MAM02774 propanoyl-CoA	carries current	6
ENSG00000067840	PDZD4	0.9996076892899176	MAM02774 propanoyl-CoA	carries current	6
ENSG00000101986	ABCD1	0.9996076892899176	MAM02774 propanoyl-CoA	carries current	23
ENSG00000139370	SLC15A4	0.998038446449588	MAM02125 histidine	carries current	2
ENSG00000110446	SLC15A3	0.998038446449588	MAM02125 histidine	carries current	2
ENSG00000188338	SLC38A3	0.998038446449588	MAM02125 histidine	carries current	4
ENSG00000120329	SLC25A2	0.998038446449588	MAM02125 histidine	carries current	5
ENSG00000102743	SLC25A15	0.998038446449588	MAM02125 histidine	carries current	5
ENSG00000003989	SLC7A2	0.998038446449588	MAM02125 histidine	carries current	5
ENSG00000165349	SLC7A3	0.998038446449588	MAM02125 histidine	carries current	6
ENSG00000017483	SLC38A5	0.998038446449588	MAM02125 histidine	carries current	7
ENSG00000134294	SLC38A2	0.998038446449588	MAM02125 histidine	carries current	12
ENSG00000139209	SLC38A4	0.998038446449588	MAM02125 histidine	carries current	14
ENSG00000092068	SLC7A8	0.998038446449588	MAM02125 histidine	carries current	17
ENSG00000155465	SLC7A7	0.998038446449588	MAM02125 histidine	carries current	18
ENSG00000268104	SLC6A14	0.998038446449588	MAM02125 histidine	carries current	19
ENSG00000138079	SLC3A1	0.998038446449588	MAM02125 histidine	carries current	22
ENSG00000103257	SLC7A5	0.998038446449588	MAM02125 histidine	carries current	23
ENSG00000168003	SLC3A2	0.998038446449588	MAM02125 histidine	carries current	23
ENSG00000123643	SLC36A1	0.998038446449588	MAM02125 histidine	carries current	23
ENSG00000103064	SLC7A6	0.998038446449588	MAM02125 histidine	carries current	23
ENSG00000021488	SLC7A9	0.998038446449588	MAM02125 histidine	carries current	24
ENSG00000169359	SLC33A1	0.9978422910945468	MAM01261 acetyl-CoA	carries current	3
ENSG00000238205	MPC1L	0.9964692036092584	MAM02819 pyruvate	carries current	1
ENSG00000060762	MPC1	0.9964692036092584	MAM02819 pyruvate	carries current	2
ENSG00000143158	MPC2	0.9964692036092584	MAM02819 pyruvate	carries current	2
ENSG00000256870	SLC5A8	0.9964692036092584	MAM02819 pyruvate	carries current	6
ENSG00000108932	SLC16A6	0.9964692036092584	MAM02819 pyruvate	carries current	8
ENSG00000170190	SLC16A5	0.9964692036092584	MAM02819 pyruvate	carries current	12
