source	target	reason
MAM00157	MAM02817	disconnected
MAM00648	MAM02817	disconnected
MAM01116	MAM02817	disconnected
MAM01286	MAM02817	disconnected
MAM01288	MAM02817	disconnected
MAM01425	MAM02817	disconnected
MAM01683	MAM02817	disconnected
MAM02846	MAM02817	disconnected
MAM01951	MAM02817	disconnected
MAM01307	MAM02817	disconnected
MAM01365	MAM02817	disconnected
MAM01369	MAM02817	disconnected
MAM02348	MAM02817	disconnected
MAM01628	MAM02817	disconnected
MAM01975	MAM02817	disconnected
MAM02125	MAM02817	disconnected
MAM02184	MAM02817	disconnected
MAM02319	MAM02817	disconnected
MAM02403	MAM02817	disconnected
MAM02360	MAM02817	disconnected
MAM02426	MAM02817	disconnected
MAM02471	MAM02817	disconnected
MAM02658	MAM02817	disconnected
MAM02724	MAM02817	disconnected
MAM02770	MAM02817	disconnected
MAM02993	MAM02817	disconnected
MAM03089	MAM02817	disconnected
MAM03101	MAM02817	disconnected
MAM03135	MAM02817	disconnected
MAM00536	MAM02817	disconnected
MAM01366	MAM02817	disconnected
MAM02529	MAM02817	disconnected
MAM02504	MAM02817	disconnected
MAM02546	MAM02817	disconnected
MAM02871	MAM02817	disconnected
MAM02877	MAM02817	disconnected
MAM00168	MAM02817	disconnected
MAM03106	MAM02817	disconnected
MAM03108	MAM02817	disconnected
MAM03111	MAM02817	disconnected
MAM03109	MAM02817	disconnected
MAM02634	MAM02817	disconnected
MAM01313	MAM02817	disconnected
MAM01282	MAM02817	disconnected
MAM03882	MAM02817	disconnected
MAM01383	MAM02817	disconnected
MAM01513	MAM02817	disconnected
MAM01588	MAM02817	disconnected
MAM01619	MAM02817	disconnected
MAM01626	MAM02817	disconnected
MAM01052	MAM02817	disconnected
MAM01690	MAM02817	disconnected
MAM01736	MAM02817	disconnected
MAM01841	MAM02817	disconnected
MAM01862	MAM02817	disconnected
MAM01922	MAM02817	disconnected
MAM01927	MAM02817	disconnected
MAM01169	MAM02817	disconnected
MAM01967	MAM02817	disconnected
MAM01968	MAM02817	disconnected
MAM02026	MAM02817	disconnected
MAM02027	MAM02817	disconnected
MAM01986	MAM02817	disconnected
MAM02037	MAM02817	disconnected
MAM02038	MAM02817	disconnected
MAM02124	MAM02817	disconnected
MAM02157	MAM02817	disconnected
MAM02159	MAM02817	disconnected
MAM02170	MAM02817	disconnected
MAM02583	MAM02817	disconnected
MAM02738	MAM02817	disconnected
MAM02812	MAM02817	disconnected
MAM02816	MAM01306	disconnected
MAM02816	MAM00807	disconnected
MAM02816	MAM00913	disconnected
MAM02816	MAM01590	disconnected
MAM02816	MAM01112	disconnected
MAM02816	MAM01285	disconnected
MAM02816	MAM01304	disconnected
MAM02816	MAM01334	disconnected
MAM02816	MAM01371	disconnected
MAM02816	MAM01592	disconnected
MAM02816	MAM02680	disconnected
MAM02816	MAM01802	disconnected
MAM02816	MAM00970	disconnected
MAM02816	MAM02016	disconnected
MAM02816	MAM02167	disconnected
MAM02816	MAM01370	disconnected
MAM02816	MAM01629	disconnected
MAM02816	MAM01974	disconnected
MAM02816	MAM02136	disconnected
MAM02816	MAM02896	disconnected
MAM02816	MAM02532	disconnected
MAM02816	MAM02536	disconnected
MAM02816	MAM02527	disconnected
MAM02816	MAM02543	disconnected
MAM02816	MAM02547	disconnected
MAM02816	MAM02517	disconnected
MAM02816	MAM02552	disconnected
MAM02816	MAM02554	disconnected
MAM02816	MAM02322	disconnected
MAM02816	MAM02413	disconnected
MAM02816	MAM03114	disconnected
MAM02816	MAM01260	disconnected
MAM02816	MAM01279	disconnected
MAM02816	MAM01280	disconnected
MAM02816	MAM01303	disconnected
MAM02816	MAM01372	disconnected
MAM02816	MAM01393	disconnected
MAM02816	MAM01423	disconnected
MAM02816	MAM01580	disconnected
MAM02816	MAM01587	disconnected
MAM02816	MAM01621	disconnected
MAM02816	MAM01630	disconnected
MAM02816	MAM01632	disconnected
MAM02816	MAM01708	disconnected
MAM02816	MAM01845	disconnected
MAM02816	MAM01962	disconnected
MAM02816	MAM02036	disconnected
MAM02816	MAM02123	disconnected
MAM02816	MAM02132	disconnected
MAM02816	MAM02169	disconnected
MAM02816	MAM02183	disconnected
MAM02816	MAM02393	disconnected
MAM02816	MAM02439	disconnected
MAM02816	MAM02641	disconnected
MAM02816	MAM02614	disconnected
MAM02816	MAM02696	disconnected
MAM02816	MAM01798	disconnected
MAM02816	MAM01127	disconnected
MAM02816	MAM01681	disconnected
MAM02816	MAM02880	disconnected
MAM02816	MAM02884	disconnected
MAM02816	MAM02914	disconnected
MAM02816	MAM02926	disconnected
MAM02816	MAM02996	disconnected
MAM02816	MAM02997	disconnected
MAM02816	MAM03099	disconnected
MAM02816	MAM03120	disconnected
MAM02816	MAM03123	disconnected
MAM02816	MAM03136	disconnected
MAM02816	MAM03149	disconnected
MAM02912	MAM02817	disconnected
MAM02923	MAM02817	disconnected
MAM02943	MAM02817	disconnected
MAM02961	MAM02817	disconnected
MAM02601	MAM02817	disconnected
MAM03118	MAM02817	disconnected
MAM03121	MAM02817	disconnected
