ensembl_id	symbol	best_score	best_reaction	n_reactions	total_accumulated_current
ENSG00000101444	AHCY	0.999087432643838	R_MAR03877 S-Adenosyl-L-homocysteine hydrolase	2	157.0918535727085
ENSG00000158467	AHCYL2	0.999087432643838	R_MAR03877 S-Adenosyl-L-homocysteine hydrolase	2	157.0918535727085
ENSG00000243989	ACY1	0.998957065878672	R_MAR08425 N2-Acetyl-L-ornithine amidohydrolase	3	154.20804047873574
ENSG00000171766	GATM	0.9986528767599514	R_MAR04582 L-Arginine:glycine amidinotransferase	1	267.05700808720525
ENSG00000130005	GAMT	0.9982617764644532	R_MAR04583 S-Adenosyl-L-methionine:guanidinoacetate N-methyltransferase	1	146.99999999999983
ENSG00000140287	HDC	0.9982617764644532	R_MAR04428 L-histidine carboxy-lyase (histamine-forming)	1	139.99999999999994
ENSG00000130066	SAT1	0.9982183208760648	R_MAR08603 acetyl-CoA:putrescine N-acetyltransferase	5	307.397943299402
ENSG00000141504	SAT2	0.9982183208760648	R_MAR08603 acetyl-CoA:putrescine N-acetyltransferase	5	307.397943299402
ENSG00000165609	NUDT5	0.9980879541108988	R_MAR08443 ADP-glucose glucose-1-phosphohydrolase	3	224.43632628739408
ENSG00000170222	ADPRM	0.9980879541108988	R_MAR08443 ADP-glucose glucose-1-phosphohydrolase	3	224.43632628739408
ENSG00000161653	NAGS	0.99804449852251	R_MAR08416 acetyl-CoA:L-glutamate N-acetyltransferase	5	174.85516080357615
ENSG00000132840	BHMT2	0.9970450199895706	R_MAR04699 Trimethylaminoacetate:L-homosysteine S-methyltransferase	1	121.12316359578335
ENSG00000145692	BHMT	0.9970450199895706	R_MAR04699 Trimethylaminoacetate:L-homosysteine S-methyltransferase	1	121.12316359578335
ENSG00000025708	TYMP	0.9969581088127932	R_MAR04485 thymidine:phosphate deoxy-alpha-D-ribosyltransferase	1	106.19927672828936
ENSG00000116771	AGMAT	0.9965235529289068	R_MAR04424 Agmatine amidinohydrolase	1	112.1529988359357
ENSG00000196433	ASMT	0.9960020858682428	R_MAR04564 S-Adenosyl-L-methionine:N-acetylserotonin O-methyltransferase	2	97.95892333599711
ENSG00000005075	POLR2J	0.9960020858682426	R_MAR07162 polyribonucleotide nucleotidyltransferase (RNA)	2	164.31455557410743
ENSG00000013503	POLR3B	0.9960020858682426	R_MAR07162 polyribonucleotide nucleotidyltransferase (RNA)	2	164.31455557410743
ENSG00000047315	POLR2B	0.9960020858682426	R_MAR07162 polyribonucleotide nucleotidyltransferase (RNA)	2	164.31455557410743
ENSG00000058600	POLR3E	0.9960020858682426	R_MAR07162 polyribonucleotide nucleotidyltransferase (RNA)	2	164.31455557410743
ENSG00000066379	POLR1H	0.9960020858682426	R_MAR07162 polyribonucleotide nucleotidyltransferase (RNA)	2	164.31455557410743
ENSG00000068654	POLR1A	0.9960020858682426	R_MAR07162 polyribonucleotide nucleotidyltransferase (RNA)	2	164.31455557410743
ENSG00000083223	TUT7	0.9960020858682426	R_MAR07162 polyribonucleotide nucleotidyltransferase (RNA)	2	164.31455557410743
ENSG00000090060	PAPOLA	0.9960020858682426	R_MAR07162 polyribonucleotide nucleotidyltransferase (RNA)	2	164.31455557410743
ENSG00000099817	POLR2E	0.9960020858682426	R_MAR07162 polyribonucleotide nucleotidyltransferase (RNA)	2	164.31455557410743
ENSG00000099821	POLRMT	0.9960020858682426	R_MAR07162 polyribonucleotide nucleotidyltransferase (RNA)	2	164.31455557410743
ENSG00000100142	POLR2F	0.9960020858682426	R_MAR07162 polyribonucleotide nucleotidyltransferase (RNA)	2	164.31455557410743
ENSG00000100413	POLR3H	0.9960020858682426	R_MAR07162 polyribonucleotide nucleotidyltransferase (RNA)	2	164.31455557410743
ENSG00000102978	POLR2C	0.9960020858682426	R_MAR07162 polyribonucleotide nucleotidyltransferase (RNA)	2	164.31455557410743
ENSG00000105258	POLR2I	0.9960020858682426	R_MAR07162 polyribonucleotide nucleotidyltransferase (RNA)	2	164.31455557410743
ENSG00000107951	MTPAP	0.9960020858682426	R_MAR07162 polyribonucleotide nucleotidyltransferase (RNA)	2	164.31455557410743
ENSG00000113356	POLR3G	0.9960020858682426	R_MAR07162 polyribonucleotide nucleotidyltransferase (RNA)	2	164.31455557410743
ENSG00000115421	PAPOLG	0.9960020858682426	R_MAR07162 polyribonucleotide nucleotidyltransferase (RNA)	2	164.31455557410743
ENSG00000121851	POLR3GL	0.9960020858682426	R_MAR07162 polyribonucleotide nucleotidyltransferase (RNA)	2	164.31455557410743
ENSG00000125630	POLR1B	0.9960020858682426	R_MAR07162 polyribonucleotide nucleotidyltransferase (RNA)	2	164.31455557410743
ENSG00000132664	POLR3F	0.9960020858682426	R_MAR07162 polyribonucleotide nucleotidyltransferase (RNA)	2	164.31455557410743
ENSG00000134744	TUT4	0.9960020858682426	R_MAR07162 polyribonucleotide nucleotidyltransferase (RNA)	2	164.31455557410743
ENSG00000137054	POLR1E	0.9960020858682426	R_MAR07162 polyribonucleotide nucleotidyltransferase (RNA)	2	164.31455557410743
ENSG00000144231	POLR2D	0.9960020858682426	R_MAR07162 polyribonucleotide nucleotidyltransferase (RNA)	2	164.31455557410743
ENSG00000147669	POLR2K	0.9960020858682426	R_MAR07162 polyribonucleotide nucleotidyltransferase (RNA)	2	164.31455557410743
ENSG00000148606	POLR3A	0.9960020858682426	R_MAR07162 polyribonucleotide nucleotidyltransferase (RNA)	2	164.31455557410743
ENSG00000149016	TUT1	0.9960020858682426	R_MAR07162 polyribonucleotide nucleotidyltransferase (RNA)	2	164.31455557410743
ENSG00000161980	POLR3K	0.9960020858682426	R_MAR07162 polyribonucleotide nucleotidyltransferase (RNA)	2	164.31455557410743
ENSG00000163882	POLR2H	0.9960020858682426	R_MAR07162 polyribonucleotide nucleotidyltransferase (RNA)	2	164.31455557410743
ENSG00000164329	TENT2	0.9960020858682426	R_MAR07162 polyribonucleotide nucleotidyltransferase (RNA)	2	164.31455557410743
ENSG00000168002	POLR2G	0.9960020858682426	R_MAR07162 polyribonucleotide nucleotidyltransferase (RNA)	2	164.31455557410743
ENSG00000168495	POLR3D	0.9960020858682426	R_MAR07162 polyribonucleotide nucleotidyltransferase (RNA)	2	164.31455557410743
ENSG00000171453	POLR1C	0.9960020858682426	R_MAR07162 polyribonucleotide nucleotidyltransferase (RNA)	2	164.31455557410743
ENSG00000177700	POLR2L	0.9960020858682426	R_MAR07162 polyribonucleotide nucleotidyltransferase (RNA)	2	164.31455557410743
ENSG00000181222	POLR2A	0.9960020858682426	R_MAR07162 polyribonucleotide nucleotidyltransferase (RNA)	2	164.31455557410743
