reaction_id	name	accumulated_current	conductivity	bottleneck	bottleneck_frac	conductivity_loo	bottleneck_loo	genes	only_reaction_of	final_score
R_MAR04347	3-ureidopropanoate amidohydrolase	0.5980183877205889	0.2990091938602944	0.5975577879949583	0.5	0.0004605997256306	0.0004605997256306	UPB1		1.0
R_MAR03809	Carbamoyl-phosphate:L-ornithine carbamoyltransferase	0.4501993173980095	0.2250996586990047	0.2260561573592376	0.0	0.2241431600387718	0.2241431600387718	OTC		0.999735029146794
R_MAR04346	5,6-Dihydrouracil amidohydrolase	0.4029028117306721	0.201451405865336	0.4024422120050415	0.0	0.0004605997256306	0.0004605997256306	DPYS		0.9996467055290584
R_MAR03811	L-Citrulline:L-aspartate ligase (AMP-forming)	0.433376301166257	0.2166881505831285	0.2168402680825445	0.0	0.2165360330837125	0.2165360330837125	ASS1		0.9995583819113232
R_MAR02023	L-Arginine, NADPH:Oxygen Oxidoreductase (Nitric-Oxide-Forming)	0.3948111889204065	0.1974055944602032	0.1982893064546477	0.0	0.1965218824657588	0.1965218824657588	NOS2;NOS1;NOS3		0.999116763822646
R_MAR03832	L-Arginine iminohydrolase	0.3666103897118059	0.1833051948559029	0.1841257845650298	0.0	0.182484605146776	0.182484605146776			0.9989401165871754
R_MAR04344	5,6-dihydrouracil:NAD+ oxidoreductase	0.201451405865336	0.100725702932668	0.2012211060025207	0.0	0.0002302998628153	0.0002302998628153			0.9989401165871754
R_MAR04345	5,6-Dihydrouracil:NADP+ oxidoreductase	0.201451405865336	0.100725702932668	0.2012211060025207	0.0	0.0002302998628153	0.0002302998628153	DPYD		0.9989401165871754
R_MAR03993	N-(omega)-Hydroxyarginine,NADPH:oxygen oxidoreductase (nitric-oxide-forming)	0.2256063936688045	0.1128031968344022	0.1133081751169421	0.0	0.1122982185518624	0.1122982185518624	NOS2;NOS1;NOS3		0.9986751457339692
R_MAR04330	beta-alanine:2-oxoglutarate aminotransferase	0.1488810199219866	0.0744405099609933	0.1476454963315896	0.0	0.0012355235903969	0.0012355235903969	ABAT		0.9982335276452924
R_MAR04425	L-histidine:beta-alanine ligase (ADP-forming)	0.1140357398253505	0.0570178699126752	0.1125197405263697	0.0	0.0015159992989808	0.0015159992989808	CARNS1		0.9978802331743508
R_MAR07622	Protein arginine iminohydrolase	0.1857980075519162	0.0928990037759581	0.0938734230317852	0.0	0.091924584520131	0.091924584520131	PADI2;PADI3;PADI1;PADI4;PADI6		0.9977919095566156
R_MAR04427	Nalpha-(beta-alanyl)-L-histidine hydrolase	0.1140357398253487	0.0570178699126743	0.1125197405263684	0.0	0.0015159992989802	0.0015159992989802	CNDP2;CNDP1		0.99770358593888
R_MAR09735	[protein]-L-citrulline hydrolysis	0.185798007551916	0.092899003775958	0.093873423031785	0.0	0.091924584520131	0.091924584520131			0.9976152623211448
R_MAR04343	UMP:diphosphate phospho-alpha-D-ribosyltransferase	0.1092937535812946	0.0546468767906473	0.108915961380041	0.0	0.0003777922012535	0.0003777922012535	UPRT		0.9975269387034094
R_MAR04190	L-arginine,NADPH:oxygen oxidoreductase (N-(omega)-hydroxyarginine-forming)	0.1692047952516021	0.084602397625801	0.0849811313377056	0.0	0.0842236639138965	0.0842236639138965	NOS2;NOS1;NOS3		0.997438615085674
R_MAR04680	deoxyuridine:orthophosphate 2-deoxy-D-ribosyltransferase	0.1082715745734266	0.0541357872867133	0.1077518685109194	0.0	0.0005197060625072	0.0005197060625072	UPP2;UPP1		0.9973502914679384
R_MAR04174	L-aspartate 1-carboxy-lyase (beta-alanine-forming)	0.107998779968459	0.0539993899842295	0.1066418741671546	0.0	0.0013569058013044	0.0013569058013044	GAD2		0.9971736442324676
R_MAR03813	2-(Nomega-L-arginino)succinate arginine-lyase (fumarate-forming)	0.1200079446645721	0.060003972332286	0.0600287674455909	0.0	0.0599791772189811	0.0599791772189811	ASL		0.996996996996997
R_MAR04579	uridine:phosphate alpha-D-ribosyltransferase	0.1065178239965757	0.0532589119982878	0.1056466762098519	0.0	0.0008711477867237	0.0008711477867237	UPP2;UPP1		0.996996996996997
R_MAR07744	uracil hydro-lyase (adding D-ribose 5-phosphate	0.0807545294735523	0.0403772647367761	0.0801277059042296	0.0	0.0006268235693227	0.0006268235693227	RPUSD4		0.99655537890832
R_MAR04078	spermidine:oxygen oxidoreductase (spermidine-forming)	0.0728782415253448	0.0364391207626724	0.0720725144770101	0.0	0.0008057270483347	0.0008057270483347	SMOX		0.9963787316728492
R_MAR05283	apoA1 phosphorylation	0.0503071236886976	0.0251535618443488	0.0360516944393811	0.0	0.0142554292493164	0.0142554292493164			0.995142201024554
R_MAR09818	mitothioredoxin phosphorylation	0.0499395487187214	0.0249697743593607	0.0362261247319129	0.0	0.0137134239868085	0.0137134239868085			0.9950538774068186
R_MAR13078	PROTEIN_BS	0.0499395487187214	0.0249697743593607	0.0362261247319129	0.0	0.0137134239868085	0.0137134239868085			0.9950538774068186
R_MAR05284	apoA1 phosphorylation	0.0503071236886944	0.0251535618443472	0.0360516944393778	0.0	0.0142554292493166	0.0142554292493166	CTSA;CTSG;LGMN;CTSZ;CTSH;CTSC;CTSD;CTSL;CTSV;CTSK;CTSS;CTSB;TPP1;CTSW;CTSF;CTSE;CTSO		0.9949655537890832
R_MAR07992	primary-amine oxidase (1,3-diaminopropane)	0.0465595448861111	0.0232797724430555	0.0461584219664638	0.0	0.0004011229196473	0.0004011229196473	AOC1;AOC3;AOC2		0.9948772301713478
R_MAR05266	apo-[ACP] phosphorylation	0.0503873231795534	0.0251936615897767	0.0351261167894018	0.0	0.0152612063901515	0.0152612063901515			0.9947889065536124
R_MAR08652	glucose-6-phosphatase (carbamoyl-phosphate)	0.0599891568440656	0.0299945784220328	0.0323171264484503	0.0	0.0276720303956153	0.0276720303956153	G6PC2		0.994700582935877
R_MAR04034	HCO3-:L-glutamine amido-ligase (ADP-forming, carbamate-phosphorylating)	0.0606912798214935	0.0303456399107467	0.0313023944303805	0.0	0.029388885391113	0.029388885391113	CAD		0.9946122593181416
R_MAR05340	S-[2-carboxy-1-(1H-imidazol-4-yl)ethyl]-L-cysteine hydrolysis	0.0548387565154138	0.0274193782577069	0.0277939134526477	0.0	0.027044843062766	0.027044843062766	SIRT2;SIRT6;SIRT1;SIRT5;OARD1;ACY3;NTAQ1;NTAN1;SIRT7		0.9943472884649356
R_MAR05270	apoC3 phosphorylation	0.0490339501140505	0.0245169750570252	0.0357604227526195	0.0	0.013273527361431	0.013273527361431			0.9943472884649356
R_MAR05269	apoC2 phosphorylation	0.0472628221203968	0.0236314110601984	0.0359555456714253	0.0	0.0113072764489715	0.0113072764489715			0.9943472884649356
R_MAR05267	mitoApo-[ACP] phosphorylation	0.0496465395930908	0.0248232697965454	0.0350771836427846	0.0	0.0145693559503062	0.0145693559503062			0.9941706412294647
R_MAR00088	Beta-Aminopropion Aldehyde:NAD+ Oxidoreductase, Mitochondrial	0.0398125954704852	0.0199062977352426	0.0394103121478243	0.0	0.0004022833226608	0.0004022833226608	ALDH2;ALDH1B1		0.9941706412294647
R_MAR04079	aldehyde dehydrogenase (NAD(+)) (3-amino-propanal)	0.0398125954704852	0.0199062977352426	0.0394103121478243	0.0	0.0004022833226608	0.0004022833226608	ALDH3A2;ALDH2;ALDH1B1;ALDH9A1;ALDH7A1		0.9941706412294647
R_MAR07993	aldehyde dehydrogenase (NAD(+)) (3-amino-propanal)	0.0398125954704852	0.0199062977352426	0.0394103121478243	0.0	0.0004022833226608	0.0004022833226608	ALDH3A2;ALDH2;ALDH1B1;ALDH9A1;ALDH7A1		0.9941706412294647
R_MAR05268	apoC1 phosphorylation	0.0470393265602252	0.0235196632801126	0.0358776841420566	0.0	0.0111616424181685	0.0111616424181685			0.9940823176117292
R_MAR04426	N-alpha-acetyltransferase 10, NatA catalytic subunit (acetylcarnosine)	0.0381106127331774	0.0190553063665887	0.0374060550902057	0.0	0.0007045576429716	0.0007045576429716	NAA10		0.9938173467585232
R_MAR09817	thioredoxin phosphorylation	0.0438632801448823	0.0219316400724411	0.0350873836261561	0.0	0.0087758965187262	0.0087758965187262			0.9935523759053172
R_MAR03807	L-Ornithine:2-oxo-acid aminotransferase	0.0489996972092968	0.0244998486046484	0.0254422173462148	0.0	0.023557479863082	0.023557479863082	OAT		0.9926691397279632
R_MAR11212	Hydrolysis of ValArgGly	0.034511183271445	0.0172555916357225	0.0274581093780513	0.0	0.0070530738933937	0.0070530738933937			0.992139198021551
R_MAR11006	Hydrolysis of ArgValCys	0.0344287595270325	0.0172143797635162	0.0275024014421458	0.0	0.0069263580848866	0.0069263580848866			0.9921391980215508
R_MAR11218	Hydrolysis of ValSerArg	0.0343129496613419	0.0171564748306709	0.0275326728723401	0.0	0.0067802767890017	0.0067802767890017			0.9921391980215508
R_MAR03969	uridine/cytidine kinase (ITP)	0.0323110206193681	0.016155510309684	0.0322928005109914	0.0	1.8220108376765243e-05	1.8220108376765243e-05	UCK1;UCK2		0.9920508744038156
R_MAR11005	Hydrolysis of ArgTyrVal	0.0338144568663187	0.0169072284331593	0.0270771019284296	0.0	0.0067373549378891	0.0067373549378891			0.9917859035506094
R_MAR04050	carbamoyl-phosphate:L-aspartate carbamoyltransferase	0.0472417553415247	0.0236208776707623	0.0236872217589994	0.0	0.0235545335825252	0.0235545335825252	CAD		0.9916092563151386
R_MAR09940	Formation of Homocitrulline	0.045314497821468	0.022657248910734	0.0237830189880743	0.0	0.0215314788333936	0.0215314788333936			0.9916092563151386
R_MAR11216	Hydrolysis of ValPheArg	0.0335493124955467	0.0167746562477733	0.027003779271534	0.0	0.0065455332240126	0.0065455332240126			0.9916092563151386
R_MAR11007	Hydrolysis of ArgValTrp	0.0331723029315025	0.0165861514657512	0.026474004496522	0.0	0.0066982984349804	0.0066982984349804			0.9913442854619324
