unit	source	Comparison	Matrix	species	diagnosed_gene_in_data	metabolites	rule	status	mapped	sources	targets	one_sided	pairs	rank_of_diagnosed_gene	top_genes	top_pathways	top_transporters	Subject_ID	Disease_Group
001_Adam2013_KO_vs_CONT_kidney	Adam et al 2013	KO vs CONT	kidney	mouse	FH	121	p < 0.05	ok	94.0	33.0	39.0	False	1254.0	204	AHCY, AHCYL2, NAGS, GATM, NNMT, HYKK, HDC, GAMT, ADSS2, ADSS1, PHYKPL, TMLHE, BBOX1, ADSL, TNRC6B	Purine metabolism (18/1.57); Lysine metabolism (10/0.66); Tricarboxylic acid cycle and glyoxylate/dicarboxylate metabolism (8/0.53); Thiamine metabolism (4/0.11); Riboflavin metabolism (3/0.08); Arginine and proline metabolism (8/1.54)	HIF1A, SLC33A1, SLC25A11, SLC25A21, SLC25A19, SLC13A3, SLC22A11, SLC25A10, SLC16A6, SLC22A8		
002_Adam2013_KO_vs_KO_FH_kidney	Adam et al 2013	KO vs KO+FH	kidney	mouse	FH	121	p < 0.05	ok	94.0	23.0	33.0	False	736.0	110	NNMT, GATM, HDC, HYKK, GAMT, PHYKPL, TMLHE, AOC1, MAOB, MAOA, ADSS2, ADSS1, ADSL, TNRC6B, ASL	Purine metabolism (20/1.57); Lysine metabolism (10/0.66); Arginine and proline metabolism (12/1.54); Tricarboxylic acid cycle and glyoxylate/dicarboxylate metabolism (6/0.53); Nicotinate and nicotinamide metabolism (6/0.55); Riboflavin metabolism (3/0.08)	SLC22A2, SLC22A1, SLC33A1, SLC25A17, SLC22A12, SLC2A9, ABCC4, SLC7A3, SLC7A10, SLC1A4		
003_Adam2013_KO_vs_KO_FHcyt_kidney	Adam et al 2013	KO vs KO+FHcyt	kidney	mouse	FH	121	p < 0.05	ok	94.0	17.0	25.0	False	391.0	85	NNMT, GATM, FAAH2, GAMT, HYKK, AOC1, MAOB, MAOA, PHYKPL, ADSL, TNRC6B, ADSS2, ADSS1, PIPOX, BBOX1	Purine metabolism (21/1.57); Arginine and proline metabolism (19/1.54); Lysine metabolism (14/0.66); Nicotinate and nicotinamide metabolism (6/0.55); Riboflavin metabolism (3/0.08); Glycine, serine and threonine metabolism (5/0.99)	SLC7A1, SLC25A2, SLC25A15, SLC7A2, SLC7A3, SLC6A18, SLC38A4, CLTRN, SLC7A7, SLC6A14		
004_Adam2013_KO_vs_WT_kidney	Adam et al 2013	KO vs WT	kidney	mouse	FH	131	p < 0.05	ok	120.0	59.0	57.0	False	3363.0	367	AHCY, AHCYL2, GATM, HDC, NUDT5, ADPRM, NAGS, AOC1, MAOB, MAOA, POLR2J, POLR3B, POLR2B, POLR3E, POLR1H	Purine metabolism (14/1.57); Pentose phosphate pathway (8/0.41); Thiamine metabolism (4/0.11); Beta-alanine metabolism (5/0.25); Histidine metabolism (4/0.31); C5-branched dibasic acid metabolism (3/0.14)	SLC25A11, SLC25A10, SLC25A19, HIF1A, SLC25A21, SLC13A3, SLC22A11, SLC22A8, SLC22A6, SLC22A7		
005_Adam2013_Tumor_vs_Normal_kidney_tumor_HLRCC_type_2_papillary	Adam et al 2013	Tumor vs Normal	kidney tumor (HLRCC, type 2 papillary)	human	FH	173	p < 0.05	ok	153.0	80.0	71.0	False	5531.0	279	AHCY, AHCYL2, ACY1, GATM, GAMT, HDC, SAT1, SAT2, NUDT5, ADPRM, NAGS, BHMT2, BHMT, TYMP, AGMAT	Purine metabolism (17/1.57); Arginine and proline metabolism (12/1.54); Pyrimidine metabolism (9/1.02); Linoleate metabolism (7/0.55); Lysine metabolism (6/0.66); Pentose phosphate pathway (4/0.41)	SLC7A3, SLC7A10, SLC1A4, SLC1A5, SLC38A5, SLC6A15, SLC6A19, SLC6A18, SLC38A4, CLTRN		
006_Alaimo2020_1_patient_vs_reference_population_plasma_default_see_Notes_for_urine_	Alaimo et al 2020	patient vs reference population	plasma (default; see Notes for urine/CSF exceptions)	human	TJP2	2	|z| >= 2 (one subject)	skipped: fewer than 3 metabolites										1	
007_Alaimo2020_107_patient_vs_reference_population_plasma_default_see_Notes_for_urin	Alaimo et al 2020	patient vs reference population	plasma (default; see Notes for urine/CSF exceptions)	human	ARG1	11	|z| >= 2 (one subject)	ok	8.0	0.0	0.0	False	0.0					107	
008_Alaimo2020_110_patient_vs_reference_population_plasma_default_see_Notes_for_urin	Alaimo et al 2020	patient vs reference population	plasma (default; see Notes for urine/CSF exceptions)	human	MCCC2	3	|z| >= 2 (one subject)	ok	2.0	0.0	0.0	False	0.0					110	
009_Alaimo2020_111_patient_vs_reference_population_plasma_default_see_Notes_for_urin	Alaimo et al 2020	patient vs reference population	plasma (default; see Notes for urine/CSF exceptions)	human	ACADSB	3	|z| >= 2 (one subject)	ok	1.0	0.0	0.0	False	0.0					111	
010_Alaimo2020_114_patient_vs_reference_population_plasma_default_see_Notes_for_urin	Alaimo et al 2020	patient vs reference population	plasma (default; see Notes for urine/CSF exceptions)	human	DPYD	3	|z| >= 2 (one subject)	ok	3.0	0.0	0.0	False	0.0					114	
011_Alaimo2020_116_patient_vs_reference_population_plasma_default_see_Notes_for_urin	Alaimo et al 2020	patient vs reference population	plasma (default; see Notes for urine/CSF exceptions)	human	TRMU	3	|z| >= 2 (one subject)	ok	2.0	2.0	0.0	False	0.0				ABCB11, ABCC3, ABCC11, ABCA8, SLC51B, SLC10A1, SLCO4A1, ABCC4, SLCO1B3, SLC51A	116	
012_Alaimo2020_118_patient_vs_reference_population_plasma_default_see_Notes_for_urin	Alaimo et al 2020	patient vs reference population	plasma (default; see Notes for urine/CSF exceptions)	human	AASS	6	|z| >= 2 (one subject)	ok	6.0	0.0	0.0	False	0.0					118	
013_Alaimo2020_126_patient_vs_reference_population_plasma_default_see_Notes_for_urin	Alaimo et al 2020	patient vs reference population	plasma (default; see Notes for urine/CSF exceptions)	human	ALDH5A1	1	|z| >= 2 (one subject)	skipped: fewer than 3 metabolites										126	
014_Alaimo2020_127_patient_vs_reference_population_plasma_default_see_Notes_for_urin	Alaimo et al 2020	patient vs reference population	plasma (default; see Notes for urine/CSF exceptions)	human	ACY1	4	|z| >= 2 (one subject)	ok	2.0	0.0	0.0	False	0.0					127	
015_Alaimo2020_13_patient_vs_reference_population_plasma_default_see_Notes_for_urine	Alaimo et al 2020	patient vs reference population	plasma (default; see Notes for urine/CSF exceptions)	human	CPS1	8	|z| >= 2 (one subject)	ok	5.0	0.0	2.0	True	2.0	not scored	OTC, ASS1, NOS2, NOS1, NOS3, CYB5D1, PADI2, PADI3, PADI1, PADI4, PADI6, LDHB, LDHAL6B, LDHA, LDHC	Protein degradation (9/0.14); Pyruvate metabolism (11/0.53); Arginine and proline metabolism (13/1.54); Peptide metabolism (17/3.94); Alanine, aspartate and glutamate metabolism (7/0.63); Glycine, serine and threonine metabolism (7/0.99)	SLC7A1, SLC25A2, SLC25A15, SLC7A2, SLC7A3, SLC38A4, SLC6A18, CLTRN, SLC7A7, SLC6A14	13	
016_Alaimo2020_136_patient_vs_reference_population_plasma_default_see_Notes_for_urin	Alaimo et al 2020	patient vs reference population	plasma (default; see Notes for urine/CSF exceptions)	human	ABCD4	3	|z| >= 2 (one subject)	ok	1.0	0.0	1.0	False	0.0					136	
017_Alaimo2020_138_patient_vs_reference_population_plasma_default_see_Notes_for_urin	Alaimo et al 2020	patient vs reference population	plasma (default; see Notes for urine/CSF exceptions)	human	GALT	2	|z| >= 2 (one subject)	skipped: fewer than 3 metabolites										138	
018_Alaimo2020_139_patient_vs_reference_population_plasma_default_see_Notes_for_urin	Alaimo et al 2020	patient vs reference population	plasma (default; see Notes for urine/CSF exceptions)	human	ACY1	4	|z| >= 2 (one subject)	ok	2.0	0.0	0.0	False	0.0					139	
019_Alaimo2020_14_patient_vs_reference_population_plasma_default_see_Notes_for_urine	Alaimo et al 2020	patient vs reference population	plasma (default; see Notes for urine/CSF exceptions)	human	BTD	4	|z| >= 2 (one subject)	ok	4.0	0.0	0.0	False	0.0					14	
020_Alaimo2020_141_patient_vs_reference_population_plasma_default_see_Notes_for_urin	Alaimo et al 2020	patient vs reference population	plasma (default; see Notes for urine/CSF exceptions)	human	HSD17B10	3	|z| >= 2 (one subject)	ok	3.0	1.0	0.0	True	1.0	6	GLYAT, CPT1A, CPT1B, ECHS1, HADH, HSD17B10, HADHA, HADHB, ACAA2, ACADS, ACADSB, ACAD8, GLYATL2, GLYATL1, GCAT	Glycine, serine and threonine metabolism (25/0.99); Protein degradation (9/0.14); Peptide metabolism (22/3.94); Valine, leucine, and isoleucine metabolism (7/0.83); Glutathione metabolism (3/0.27); Protein assembly (1/0.02)	DBI, SLC6A9, SLC6A5, SLC25A38, SLC32A1, SLC36A2, SLC36A3, SLC7A10, SLC38A5, SLC38A1	141	
021_Alaimo2020_142_patient_vs_reference_population_plasma_default_see_Notes_for_urin	Alaimo et al 2020	patient vs reference population	plasma (default; see Notes for urine/CSF exceptions)	human	ALDOB	4	|z| >= 2 (one subject)	ok	3.0	0.0	0.0	False	0.0					142	
022_Alaimo2020_145_patient_vs_reference_population_plasma_default_see_Notes_for_urin	Alaimo et al 2020	patient vs reference population	plasma (default; see Notes for urine/CSF exceptions)	human	ACADL	8	|z| >= 2 (one subject)	ok	5.0	0.0	0.0	False	0.0					145	
023_Alaimo2020_146_patient_vs_reference_population_plasma_default_see_Notes_for_urin	Alaimo et al 2020	patient vs reference population	plasma (default; see Notes for urine/CSF exceptions)	human	MMACHC	3	|z| >= 2 (one subject)	ok	0.0	0.0	0.0	False	0.0					146	
024_Alaimo2020_148_patient_vs_reference_population_plasma_default_see_Notes_for_urin	Alaimo et al 2020	patient vs reference population	plasma (default; see Notes for urine/CSF exceptions)	human	ALDH7A1	1	|z| >= 2 (one subject)	skipped: fewer than 3 metabolites										148	
025_Alaimo2020_153_patient_vs_reference_population_plasma_default_see_Notes_for_urin	Alaimo et al 2020	patient vs reference population	plasma (default; see Notes for urine/CSF exceptions)	human	HSD17B4	0	mean z over 0 subjects: BH q < 0.05 and |mean z| >= 1	skipped: fewer than 3 metabolites										153	
026_Alaimo2020_157_patient_vs_reference_population_plasma_default_see_Notes_for_urin	Alaimo et al 2020	patient vs reference population	plasma (default; see Notes for urine/CSF exceptions)	human	ASS1	3	|z| >= 2 (one subject)	ok	1.0	1.0	0.0	False	0.0					157	
027_Alaimo2020_16_patient_vs_reference_population_plasma_default_see_Notes_for_urine	Alaimo et al 2020	patient vs reference population	plasma (default; see Notes for urine/CSF exceptions)	human	MTHFR	1	|z| >= 2 (one subject)	skipped: fewer than 3 metabolites										16	
028_Alaimo2020_162_patient_vs_reference_population_plasma_default_see_Notes_for_urin	Alaimo et al 2020	patient vs reference population	plasma (default; see Notes for urine/CSF exceptions)	human	ACADM	5	|z| >= 2 (one subject)	ok	5.0	0.0	0.0	False	0.0					162	
029_Alaimo2020_166_patient_vs_reference_population_plasma_default_see_Notes_for_urin	Alaimo et al 2020	patient vs reference population	plasma (default; see Notes for urine/CSF exceptions)	human	MUT	6	|z| >= 2 (one subject)	ok	4.0	4.0	0.0	False	0.0				SLC25A20, SLC22A5, SLC43A1, SLC6A9, SLC6A5, SLC32A1, SLC25A38, SLC36A2, SLC7A10, SLC6A18	166	
030_Alaimo2020_167_patient_vs_reference_population_plasma_default_see_Notes_for_urin	Alaimo et al 2020	patient vs reference population	plasma (default; see Notes for urine/CSF exceptions)	human	ABCC8	2	|z| >= 2 (one subject)	skipped: fewer than 3 metabolites										167	
031_Alaimo2020_17_patient_vs_reference_population_plasma_default_see_Notes_for_urine	Alaimo et al 2020	patient vs reference population	plasma (default; see Notes for urine/CSF exceptions)	human	SLC13A5	1	|z| >= 2 (one subject)	skipped: fewer than 3 metabolites										17	
032_Alaimo2020_170_patient_vs_reference_population_plasma_default_see_Notes_for_urin	Alaimo et al 2020	patient vs reference population	plasma (default; see Notes for urine/CSF exceptions)	human	BTD	8	|z| >= 2 (one subject)	ok	7.0	0.0	0.0	False	0.0					170	
033_Alaimo2020_22_patient_vs_reference_population_plasma_default_see_Notes_for_urine	Alaimo et al 2020	patient vs reference population	plasma (default; see Notes for urine/CSF exceptions)	human	SLC6A19	7	|z| >= 2 (one subject)	ok	7.0	0.0	0.0	False	0.0					22	
034_Alaimo2020_23_patient_vs_reference_population_plasma_default_see_Notes_for_urine	Alaimo et al 2020	patient vs reference population	plasma (default; see Notes for urine/CSF exceptions)	human	SLC6A19	7	|z| >= 2 (one subject)	ok	7.0	0.0	0.0	False	0.0					23	
035_Alaimo2020_24_patient_vs_reference_population_plasma_default_see_Notes_for_urine	Alaimo et al 2020	patient vs reference population	plasma (default; see Notes for urine/CSF exceptions)	human	BCKDHA	8	|z| >= 2 (one subject)	ok	6.0	0.0	0.0	False	0.0					24	
036_Alaimo2020_25_patient_vs_reference_population_plasma_default_see_Notes_for_urine	Alaimo et al 2020	patient vs reference population	plasma (default; see Notes for urine/CSF exceptions)	human	MOCS1	1	|z| >= 2 (one subject)	skipped: fewer than 3 metabolites										25	
037_Alaimo2020_28_patient_vs_reference_population_plasma_default_see_Notes_for_urine	Alaimo et al 2020	patient vs reference population	plasma (default; see Notes for urine/CSF exceptions)	human	PEX5	1	|z| >= 2 (one subject)	skipped: fewer than 3 metabolites										28	
038_Alaimo2020_29_patient_vs_reference_population_plasma_default_see_Notes_for_urine	Alaimo et al 2020	patient vs reference population	plasma (default; see Notes for urine/CSF exceptions)	human	FAR1	3	|z| >= 2 (one subject)	ok	3.0	0.0	0.0	False	0.0					29	
039_Alaimo2020_33_patient_vs_reference_population_plasma_default_see_Notes_for_urine	Alaimo et al 2020	patient vs reference population	plasma (default; see Notes for urine/CSF exceptions)	human	NAGS	8	|z| >= 2 (one subject)	ok	7.0	0.0	0.0	False	0.0					33	
040_Alaimo2020_34_patient_vs_reference_population_plasma_default_see_Notes_for_urine	Alaimo et al 2020	patient vs reference population	plasma (default; see Notes for urine/CSF exceptions)	human	ALDH4A1	2	|z| >= 2 (one subject)	skipped: fewer than 3 metabolites										34	
041_Alaimo2020_35_patient_vs_reference_population_plasma_default_see_Notes_for_urine	Alaimo et al 2020	patient vs reference population	plasma (default; see Notes for urine/CSF exceptions)	human	SERAC1	3	|z| >= 2 (one subject)	ok	3.0	0.0	0.0	False	0.0					35	
042_Alaimo2020_39_patient_vs_reference_population_plasma_default_see_Notes_for_urine	Alaimo et al 2020	patient vs reference population	plasma (default; see Notes for urine/CSF exceptions)	human	UPB1	1	|z| >= 2 (one subject)	skipped: fewer than 3 metabolites										39	
043_Alaimo2020_4_patient_vs_reference_population_plasma_default_see_Notes_for_urine_	Alaimo et al 2020	patient vs reference population	plasma (default; see Notes for urine/CSF exceptions)	human	ARG1	5	|z| >= 2 (one subject)	ok	2.0	0.0	0.0	False	0.0					4	
044_Alaimo2020_41_patient_vs_reference_population_plasma_default_see_Notes_for_urine	Alaimo et al 2020	patient vs reference population	plasma (default; see Notes for urine/CSF exceptions)	human	MMACHC	2	|z| >= 2 (one subject)	skipped: fewer than 3 metabolites										41	
045_Alaimo2020_43_patient_vs_reference_population_plasma_default_see_Notes_for_urine	Alaimo et al 2020	patient vs reference population	plasma (default; see Notes for urine/CSF exceptions)	human	AUH	1	|z| >= 2 (one subject)	skipped: fewer than 3 metabolites										43	
046_Alaimo2020_44_patient_vs_reference_population_plasma_default_see_Notes_for_urine	Alaimo et al 2020	patient vs reference population	plasma (default; see Notes for urine/CSF exceptions)	human	DDC	1	|z| >= 2 (one subject)	skipped: fewer than 3 metabolites										44	
047_Alaimo2020_48_patient_vs_reference_population_plasma_default_see_Notes_for_urine	Alaimo et al 2020	patient vs reference population	plasma (default; see Notes for urine/CSF exceptions)	human	PAH	2	|z| >= 2 (one subject)	skipped: fewer than 3 metabolites										48	
048_Alaimo2020_49_patient_vs_reference_population_plasma_default_see_Notes_for_urine	Alaimo et al 2020	patient vs reference population	plasma (default; see Notes for urine/CSF exceptions)	human	DGAT	1	|z| >= 2 (one subject)	skipped: fewer than 3 metabolites										49	
049_Alaimo2020_5_patient_vs_reference_population_plasma_default_see_Notes_for_urine_	Alaimo et al 2020	patient vs reference population	plasma (default; see Notes for urine/CSF exceptions)	human	DHTKD1	3	|z| >= 2 (one subject)	ok	3.0	0.0	0.0	False	0.0					5	
050_Alaimo2020_50_patient_vs_reference_population_plasma_default_see_Notes_for_urine	Alaimo et al 2020	patient vs reference population	plasma (default; see Notes for urine/CSF exceptions)	human	GLDC	3	|z| >= 2 (one subject)	ok	3.0	0.0	0.0	False	0.0					50	
051_Alaimo2020_51_patient_vs_reference_population_plasma_default_see_Notes_for_urine	Alaimo et al 2020	patient vs reference population	plasma (default; see Notes for urine/CSF exceptions)	human	DHTKD1	1	|z| >= 2 (one subject)	skipped: fewer than 3 metabolites										51	
052_Alaimo2020_52_patient_vs_reference_population_plasma_default_see_Notes_for_urine	Alaimo et al 2020	patient vs reference population	plasma (default; see Notes for urine/CSF exceptions)	human	NAGS	4	|z| >= 2 (one subject)	ok	4.0	0.0	0.0	False	0.0					52	
053_Alaimo2020_53_patient_vs_reference_population_plasma_default_see_Notes_for_urine	Alaimo et al 2020	patient vs reference population	plasma (default; see Notes for urine/CSF exceptions)	human	UPB1	1	|z| >= 2 (one subject)	skipped: fewer than 3 metabolites										53	
054_Alaimo2020_54_patient_vs_reference_population_plasma_default_see_Notes_for_urine	Alaimo et al 2020	patient vs reference population	plasma (default; see Notes for urine/CSF exceptions)	human	MMACHC	3	|z| >= 2 (one subject)	ok	3.0	0.0	0.0	False	0.0					54	
055_Alaimo2020_55_patient_vs_reference_population_plasma_default_see_Notes_for_urine	Alaimo et al 2020	patient vs reference population	plasma (default; see Notes for urine/CSF exceptions)	human	GAMT	2	|z| >= 2 (one subject)	skipped: fewer than 3 metabolites										55	
056_Alaimo2020_56_patient_vs_reference_population_plasma_default_see_Notes_for_urine	Alaimo et al 2020	patient vs reference population	plasma (default; see Notes for urine/CSF exceptions)	human	D2HGDH	2	|z| >= 2 (one subject)	skipped: fewer than 3 metabolites										56	
057_Alaimo2020_58_patient_vs_reference_population_plasma_default_see_Notes_for_urine	Alaimo et al 2020	patient vs reference population	plasma (default; see Notes for urine/CSF exceptions)	human	ACADS	3	|z| >= 2 (one subject)	ok	2.0	2.0	0.0	False	0.0					58	
058_Alaimo2020_59_patient_vs_reference_population_plasma_default_see_Notes_for_urine	Alaimo et al 2020	patient vs reference population	plasma (default; see Notes for urine/CSF exceptions)	human	GCH1	5	|z| >= 2 (one subject)	ok	3.0	0.0	0.0	False	0.0					59	
059_Alaimo2020_6_patient_vs_reference_population_plasma_default_see_Notes_for_urine_	Alaimo et al 2020	patient vs reference population	plasma (default; see Notes for urine/CSF exceptions)	human	BCKDHB	3	|z| >= 2 (one subject)	ok	2.0	0.0	0.0	False	0.0					6	
060_Alaimo2020_62_patient_vs_reference_population_plasma_default_see_Notes_for_urine	Alaimo et al 2020	patient vs reference population	plasma (default; see Notes for urine/CSF exceptions)	human	ABHD5	5	|z| >= 2 (one subject)	ok	1.0	1.0	0.0	False	0.0					62	
061_Alaimo2020_65_patient_vs_reference_population_plasma_default_see_Notes_for_urine	Alaimo et al 2020	patient vs reference population	plasma (default; see Notes for urine/CSF exceptions)	human	UROC1	2	|z| >= 2 (one subject)	skipped: fewer than 3 metabolites										65	
062_Alaimo2020_67_patient_vs_reference_population_plasma_default_see_Notes_for_urine	Alaimo et al 2020	patient vs reference population	plasma (default; see Notes for urine/CSF exceptions)	human	HIBCH	1	|z| >= 2 (one subject)	skipped: fewer than 3 metabolites										67	
063_Alaimo2020_68_patient_vs_reference_population_plasma_default_see_Notes_for_urine	Alaimo et al 2020	patient vs reference population	plasma (default; see Notes for urine/CSF exceptions)	human	ABAT	5	|z| >= 2 (one subject)	ok	2.0	0.0	0.0	False	0.0					68	
064_Alaimo2020_70_patient_vs_reference_population_plasma_default_see_Notes_for_urine	Alaimo et al 2020	patient vs reference population	plasma (default; see Notes for urine/CSF exceptions)	human	MUT	4	|z| >= 2 (one subject)	ok	3.0	1.0	0.0	True	1.0	not scored	GLYAT, CRAT, CPT1A, CPT1B, CPT1C, CPT2, GCAT, GLYATL2, GLYATL1, BBOX1, TPP1, CTSA, CTSG, LGMN, CTSZ	Glycine, serine and threonine metabolism (20/0.99); Protein degradation (9/0.14); Peptide metabolism (22/3.94); Bile acid biosynthesis (12/3.94); Glutathione metabolism (3/0.27); Propanoate metabolism (3/0.39)	SLC22A15, SLC22A16, CRAT, OXSM, ESCO2, SLC33A1, SLC22A9, SLC6A14, SLC22A4, SLC22A1	70	
065_Alaimo2020_72_patient_vs_reference_population_plasma_default_see_Notes_for_urine	Alaimo et al 2020	patient vs reference population	plasma (default; see Notes for urine/CSF exceptions)	human	ACADL	1	|z| >= 2 (one subject)	skipped: fewer than 3 metabolites										72	
066_Alaimo2020_74_patient_vs_reference_population_plasma_default_see_Notes_for_urine	Alaimo et al 2020	patient vs reference population	plasma (default; see Notes for urine/CSF exceptions)	human	UPB1	1	|z| >= 2 (one subject)	skipped: fewer than 3 metabolites										74	
067_Alaimo2020_75_patient_vs_reference_population_plasma_default_see_Notes_for_urine	Alaimo et al 2020	patient vs reference population	plasma (default; see Notes for urine/CSF exceptions)	human	UROC1	1	|z| >= 2 (one subject)	skipped: fewer than 3 metabolites										75	
068_Alaimo2020_77_patient_vs_reference_population_plasma_default_see_Notes_for_urine	Alaimo et al 2020	patient vs reference population	plasma (default; see Notes for urine/CSF exceptions)	human	DMGDH	1	|z| >= 2 (one subject)	skipped: fewer than 3 metabolites										77	
069_Alaimo2020_8_patient_vs_reference_population_plasma_default_see_Notes_for_urine_	Alaimo et al 2020	patient vs reference population	plasma (default; see Notes for urine/CSF exceptions)	human	AUH	1	|z| >= 2 (one subject)	skipped: fewer than 3 metabolites										8	
070_Alaimo2020_80_patient_vs_reference_population_plasma_default_see_Notes_for_urine	Alaimo et al 2020	patient vs reference population	plasma (default; see Notes for urine/CSF exceptions)	human	GCH1	10	|z| >= 2 (one subject)	ok	6.0	0.0	0.0	False	0.0					80	
071_Alaimo2020_82_patient_vs_reference_population_plasma_default_see_Notes_for_urine	Alaimo et al 2020	patient vs reference population	plasma (default; see Notes for urine/CSF exceptions)	human	HIBCH	3	|z| >= 2 (one subject)	ok	2.0	0.0	0.0	False	0.0					82	
072_Alaimo2020_83_patient_vs_reference_population_plasma_default_see_Notes_for_urine	Alaimo et al 2020	patient vs reference population	plasma (default; see Notes for urine/CSF exceptions)	human	ACY1	0	mean z over 0 subjects: BH q < 0.05 and |mean z| >= 1	skipped: fewer than 3 metabolites										83	
073_Alaimo2020_84_patient_vs_reference_population_plasma_default_see_Notes_for_urine	Alaimo et al 2020	patient vs reference population	plasma (default; see Notes for urine/CSF exceptions)	human	HIBCH	5	|z| >= 2 (one subject)	ok	3.0	0.0	0.0	False	0.0					84	
074_Alaimo2020_85_patient_vs_reference_population_plasma_default_see_Notes_for_urine	Alaimo et al 2020	patient vs reference population	plasma (default; see Notes for urine/CSF exceptions)	human	ABAT	2	|z| >= 2 (one subject)	skipped: fewer than 3 metabolites										85	
075_Alaimo2020_87_patient_vs_reference_population_plasma_default_see_Notes_for_urine	Alaimo et al 2020	patient vs reference population	plasma (default; see Notes for urine/CSF exceptions)	human	PDHA1	2	|z| >= 2 (one subject)	skipped: fewer than 3 metabolites										87	
076_Alaimo2020_9_patient_vs_reference_population_plasma_default_see_Notes_for_urine_	Alaimo et al 2020	patient vs reference population	plasma (default; see Notes for urine/CSF exceptions)	human	AASS	2	|z| >= 2 (one subject)	skipped: fewer than 3 metabolites										9	
077_Alaimo2020_90_patient_vs_reference_population_plasma_default_see_Notes_for_urine	Alaimo et al 2020	patient vs reference population	plasma (default; see Notes for urine/CSF exceptions)	human	GLDC	1	|z| >= 2 (one subject)	skipped: fewer than 3 metabolites										90	
078_Alaimo2020_92_patient_vs_reference_population_plasma_default_see_Notes_for_urine	Alaimo et al 2020	patient vs reference population	plasma (default; see Notes for urine/CSF exceptions)	human	PEX6	1	|z| >= 2 (one subject)	skipped: fewer than 3 metabolites										92	
079_Alaimo2020_96_patient_vs_reference_population_plasma_default_see_Notes_for_urine	Alaimo et al 2020	patient vs reference population	plasma (default; see Notes for urine/CSF exceptions)	human	PEX1	1	|z| >= 2 (one subject)	skipped: fewer than 3 metabolites										96	
080_Burrage2019_patient_vs_reference_population_plasma_Arginase_deficiency_ARG1D	Burrage et al 2019	patient vs reference population	plasma	human		17	mean z over 13 subjects: BH q < 0.05 and |mean z| >= 1	ok	11.0	6.0	5.0	False	30.0		GATM, UPB1, DHODH, DPYS, UMPS, DPYD, BCAT2, BCAT1, UPP2, UPP1, BCKDHB, BCKDHA, UCK2, UCK1, UPRT	Pyrimidine metabolism (20/1.02); Protein degradation (9/0.14); Beta-alanine metabolism (10/0.25); Purine metabolism (13/1.57); Valine, leucine, and isoleucine metabolism (10/0.83); Nucleotide metabolism (10/1.49)	SLC7A1, SLC25A2, SLC25A15, SLC7A2, SLC7A3, SLC6A18, SLC38A4, CLTRN, SLC29A2, SLC7A7		Arginase deficiency (ARG1D)
081_Burrage2019_patient_vs_reference_population_plasma_Argininosuccinate_lyase_defic	Burrage et al 2019	patient vs reference population	plasma	human		14	mean z over 11 subjects: BH q < 0.05 and |mean z| >= 1	ok	12.0	1.0	2.0	False	2.0		UPB1, OTC, DPYS, ASS1, NOS2, NOS1, NOS3, DPYD, ABAT, CARNS1, PADI2, PADI3, PADI1, PADI4, PADI6	Beta-alanine metabolism (11/0.25); Protein degradation (9/0.14); Peptide metabolism (25/3.94); Arginine and proline metabolism (13/1.54); Pyrimidine metabolism (11/1.02); Protein modification (4/0.13)	SLC25A2, SLC25A15, SLC7A2, SLC3A1, SLC7A5, SLC7A6, SLC7A9, SLC6A6, SLC7A1, SLC6A12		Argininosuccinate lyase deficiency (ASLD)
082_Burrage2019_patient_vs_reference_population_plasma_Citrullinemia_type_1_ASS1D	Burrage et al 2019	patient vs reference population	plasma	human		13	mean z over 7 subjects: BH q < 0.05 and |mean z| >= 1	ok	11.0	5.0	5.0	False	25.0		UPB1, DPYS, BCAT2, BCAT1, BCKDHB, BCKDHA, OTC, UCK2, UCK1, ASS1, NOS2, NOS1, NOS3, UPP2, UPP1	Pyrimidine metabolism (18/1.02); Protein degradation (9/0.14); Beta-alanine metabolism (10/0.25); Valine, leucine, and isoleucine metabolism (10/0.83); Peptide metabolism (19/3.94); Nucleotide metabolism (8/1.49)	SLC25A2, SLC25A15, SLC7A2, SLC3A1, SLC7A5, SLC7A6, SLC7A9, SLC7A1, SLC7A3, SLC7A7		Citrullinemia type 1 (ASS1D)
083_Burrage2019_patient_vs_reference_population_plasma_Ornithine_transcarbamylase_de	Burrage et al 2019	patient vs reference population	plasma	human		10	mean z over 17 subjects: BH q < 0.05 and |mean z| >= 1	ok	10.0	2.0	2.0	False	4.0		GATM, GAMT, DPYD, UPB1, UCK2, UCK1, DPYS, UPRT, UPP2, UPP1, ARG1, ARG2, RAD1, RAD9A, TREX2	Purine metabolism (35/1.57); Pyrimidine metabolism (23/1.02); Nucleotide metabolism (15/1.49); Arginine and proline metabolism (14/1.54); Beta-alanine metabolism (6/0.25); Pentose phosphate pathway (2/0.41)	SLC6A8, SLC16A9, SLC29A2, SLC7A1, SLC25A2, SLC25A15, SLC7A2, SLC7A3, SLC6A18, SLC38A4		Ornithine transcarbamylase deficiency (OTCD)
084_Cappuccio2017_GLUT1_DS_on_KD_vs_reference_population_group_mean_plasma_GLUT1_def	Cappuccio et al 2017	GLUT1-DS on KD vs reference population (group mean)	plasma	human	SLC2A1	18	|z| >= 2 (one subject)	ok	12.0	0.0	0.0	False	0.0						GLUT1 deficiency syndrome (on ketogenic diet)
085_Cappuccio2017_patient_vs_reference_population_CSF_GLUT1_deficiency_syndrome_not_	Cappuccio et al 2017	patient vs reference population	CSF	human	SLC2A1	5	mean z over 3 subjects: BH q < 0.05 and |mean z| >= 1	ok	5.0	1.0	3.0	False	3.0	not scored	IDH1, IDH3G, IDH3B, IDH3A, IDH2, ACO1, HK1, HK2, HKDC1, HK3, CS, ACLY, ACO2, MGAM, GANC	Starch and sucrose metabolism (21/0.6); Tricarboxylic acid cycle and glyoxylate/dicarboxylate metabolism (8/0.53); C5-branched dibasic acid metabolism (5/0.14); N-glycan metabolism (10/1.46); Valine, leucine, and isoleucine metabolism (7/0.83); Alanine, aspartate and glutamate metabolism (6/0.63)	HIF1A, SLC25A11, SLC25A21, SLC13A3, SLC22A11, SLC25A10, SLC16A6, SLC22A8, SLC22A6, SLC22A7		GLUT1 deficiency syndrome (not on ketogenic diet)
086_Cappuccio2017_patient_vs_reference_population_EDTA_Plasma_GLUT1_deficiency_syndr	Cappuccio et al 2017	patient vs reference population	EDTA Plasma	human	SLC2A1	4	mean z over 6 subjects: BH q < 0.05 and |mean z| >= 1	ok	1.0	1.0	0.0	False	0.0						GLUT1 deficiency syndrome (on ketogenic diet)
087_Cappuccio2017_patient_vs_reference_population_Urine_GLUT1_deficiency_syndrome_on	Cappuccio et al 2017	patient vs reference population	Urine	human	SLC2A1	4	mean z over 6 subjects: BH q < 0.05 and |mean z| >= 1	ok	1.0	0.0	0.0	False	0.0						GLUT1 deficiency syndrome (on ketogenic diet)
088_Du2023_MELAS_vs_Healthy_Control_plasma	Du et al 2023	MELAS vs Healthy Control	plasma	human		587	p < 0.05	ok	283.0	8.0	27.0	False	216.0		BDH2, BDH1, UGT1A1, UGT1A10, UGT1A8, UGT2B7, UGT2B28, UGT2B17, TPK1, AHCY, AHCYL2, GATM, CPT1A, CPT1B, CYP3A4	Vitamin D metabolism (10/0.53); Thiamine metabolism (5/0.11); Glucocorticoid biosynthesis (4/0.17); Phenylalanine, tyrosine and tryptophan biosynthesis (11/2.46); Pantothenate and CoA metabolism (5/0.39); Pyruvate metabolism (4/0.53)	SLC25A20, SLC16A6, SLC16A5, SLC16A8, SLC16A4, SLC16A7, SLC16A3, SLC16A1, SLC35D1, SLC27A6		
089_Du2023_MNGIE_vs_Healthy_Control_plasma	Du et al 2023	MNGIE vs Healthy Control	plasma	human		587	p < 0.05	ok	284.0	25.0	29.0	False	725.0		UGT2B7, UGT1A1, UGT1A8, UGT1A10, UGT2B28, UGT2B17, ALOXE3, ALOX12B, GATM, NAAA, HPD, SAT1, SAT2, TYMP, CYP3A4	Androgen metabolism (9/0.56); Arginine and proline metabolism (12/1.54); Pyrimidine metabolism (9/1.02); Tricarboxylic acid cycle and glyoxylate/dicarboxylate metabolism (6/0.53); Lysine metabolism (5/0.66); Valine, leucine, and isoleucine metabolism (5/0.83)	SLC28A1, SLC29A3, SLC28A3, SLC29A1, SLC29A2, SLC35D1, HIF1A, SLC25A11, SLC25A21, SLC13A3		
090_Glinton2024_patient_vs_reference_population_plasma_Succinic_semialdehyde_dehydro	Glinton et al 2024	patient vs reference population	plasma	human	ALDH5A1	5	mean z over 13 subjects: BH q < 0.05 and |mean z| >= 1	ok	1.0	0.0	0.0	False	0.0						Succinic semialdehyde dehydrogenase deficiency (SSADHD)
091_Glinton2024_patient_vs_reference_population_urine_Succinic_semialdehyde_dehydrog	Glinton et al 2024	patient vs reference population	urine	human	ALDH5A1	6	mean z over 12 subjects: BH q < 0.05 and |mean z| >= 1	ok	1.0	0.0	0.0	False	0.0						Succinic semialdehyde dehydrogenase deficiency (SSADHD)
092_Hou2017_Fumarase_insufficient_siRNA_knockdown_HUVEC_vs_negative_control_siRNA_ce	Hou et al 2017	Fumarase-insufficient (siRNA knockdown) HUVEC vs negative control siRNA	cell extract	human (HUVEC cell line, in vitro model)		62	p < 0.05	ok	49.0	8.0	14.0	False	112.0		GNPAT, PGP, FAR2, FAR1, RAD1, RAD9A, TREX2, TREX1, CYB5D1, ACLY, CS, UCK2, UCKL1, ASL, ADSL	Tricarboxylic acid cycle and glyoxylate/dicarboxylate metabolism (19/0.53); Protein degradation (6/0.14); Glycine, serine and threonine metabolism (11/0.99); Pyruvate metabolism (8/0.53); Pyrimidine metabolism (8/1.02); Purine metabolism (9/1.57)	SLC33A1, SRPK3, IDH3G, BCAP31, PDZD4, ABCD1, FABP1, SLC7A1, SLC25A2, SLC25A15		
093_Kennedy2019_ABAT_GABA_transaminase_deficiency_patients_vs_reference_population_g	Kennedy et al 2019	ABAT (GABA-transaminase deficiency patients) vs reference population (group mean)	EDTA plasma	human	ABAT	0	mean z over 0 subjects: BH q < 0.05 and |mean z| >= 1	skipped: fewer than 3 metabolites											ABAT (GABA-transaminase deficiency patients)
094_Kennedy2019_All_other_non_ABAT_no_relevant_medication_vs_reference_population_gr	Kennedy et al 2019	All other (non-ABAT, no relevant medication) vs reference population (group mean)	EDTA plasma	human		0	mean z over 0 subjects: BH q < 0.05 and |mean z| >= 1	skipped: fewer than 3 metabolites											All other (non-ABAT, no relevant medication)
095_Kennedy2019_Baclofen_non_ABAT_vs_reference_population_group_mean_EDTA_plasma_Bac	Kennedy et al 2019	Baclofen (non-ABAT) vs reference population (group mean)	EDTA plasma	human		0	mean z over 0 subjects: BH q < 0.05 and |mean z| >= 1	skipped: fewer than 3 metabolites											Baclofen (non-ABAT)
096_Kennedy2019_Levetiracetam_non_ABAT_vs_reference_population_group_mean_EDTA_plasm	Kennedy et al 2019	Levetiracetam (non-ABAT) vs reference population (group mean)	EDTA plasma	human		0	mean z over 0 subjects: BH q < 0.05 and |mean z| >= 1	skipped: fewer than 3 metabolites											Levetiracetam (non-ABAT)
097_Kennedy2019_Topiramate_non_ABAT_vs_reference_population_group_mean_EDTA_plasma_T	Kennedy et al 2019	Topiramate (non-ABAT) vs reference population (group mean)	EDTA plasma	human		0	mean z over 0 subjects: BH q < 0.05 and |mean z| >= 1	skipped: fewer than 3 metabolites											Topiramate (non-ABAT)
098_Kennedy2019_Valproate_non_ABAT_vs_reference_population_group_mean_EDTA_plasma_Va	Kennedy et al 2019	Valproate (non-ABAT) vs reference population (group mean)	EDTA plasma	human		0	mean z over 0 subjects: BH q < 0.05 and |mean z| >= 1	skipped: fewer than 3 metabolites											Valproate (non-ABAT)
099_Kennedy2019_Vigabatrin_non_ABAT_vs_reference_population_group_mean_EDTA_plasma_V	Kennedy et al 2019	Vigabatrin (non-ABAT) vs reference population (group mean)	EDTA plasma	human		0	mean z over 0 subjects: BH q < 0.05 and |mean z| >= 1	skipped: fewer than 3 metabolites											Vigabatrin (non-ABAT)
100_Kennedy2019_patient_vs_reference_population_CSF_GABA_transaminase_deficiency	Kennedy et al 2019	patient vs reference population	CSF	human	ABAT	7	mean z over 3 subjects: BH q < 0.05 and |mean z| >= 1	ok	4.0	1.0	0.0	True	1.0	4	CNDP2, CNDP1, CARNS1, ABAT, GAD2, GAD1, P4HA2, P4HA1, P4HB, P4HA3, BBOX1, OXCT1, OXCT2, TMLHE, PLOD3	Peptide metabolism (42/3.94); Protein degradation (9/0.14); Beta-alanine metabolism (6/0.25); Lysine metabolism (7/0.66); Alanine, aspartate and glutamate metabolism (6/0.63); Arginine and proline metabolism (8/1.54)	SLC15A4, SLC15A3, SLC38A3, SLC25A2, SLC25A15, SLC7A2, SLC7A3, SLC38A5, SLC38A2, SLC38A4		GABA-transaminase deficiency
101_Kennedy2019_patient_vs_reference_population_EDTA_plasma_GABA_transaminase_defici	Kennedy et al 2019	patient vs reference population	EDTA plasma	human	ABAT	8	mean z over 6 subjects: BH q < 0.05 and |mean z| >= 1	ok	4.0	0.0	0.0	False	0.0						GABA-transaminase deficiency
102_Kennedy2019_patient_vs_reference_population_Urine_GABA_transaminase_deficiency	Kennedy et al 2019	patient vs reference population	Urine	human	ABAT	6	mean z over 2 subjects: BH q < 0.05 and |mean z| >= 1	ok	4.0	0.0	0.0	False	0.0						GABA-transaminase deficiency
103_Kennedy2019_vigabatrin_treated_non_ABAT_group_vs_reference_population_group_mean	Kennedy et al 2019	vigabatrin-treated non-ABAT group vs reference population (group mean)	EDTA plasma	human		0	mean z over 0 subjects: BH q < 0.05 and |mean z| >= 1	skipped: fewer than 3 metabolites											Non-GABA-transaminase-deficient, vigabatrin-treated (comparison group, N=12)
104_Reisz2023_Carrier_mother_RBC_vs_Control_father_RBC_red_blood_cells	Reisz et al 2023	Carrier (mother) RBC vs Control (father) RBC	red blood cells	human		15	p < 0.05	ok	12.0	1.0	2.0	False	2.0		CHAT, PGM2L1, GAPDHS, GAPDH, ACHE, BCHE, ACYP1, ACYP2, CRISP3, PGK1, PGK2, PTDSS1, PHGDH, UBAC2, PSAT1	Glycerophospholipid metabolism (25/1.57); Glycine, serine and threonine metabolism (13/0.99); Glycolysis / Gluconeogenesis (11/0.69); Pool reactions (7/0.24); Galactose metabolism (5/0.33); Sphingolipid metabolism (9/2.04)	PCTP, SLC33A1, ATP10A, ABCB4, ABCA1, SLC16A13, SLC16A12, SLC16A6, SLC16A5, SLC16A8		
105_Reisz2023_Lesch_Nyhan_LN_RBC_vs_Control_father_RBC_red_blood_cells	Reisz et al 2023	Lesch-Nyhan (LN) RBC vs Control (father) RBC	red blood cells	human		19	p < 0.05	ok	14.0	3.0	3.0	False	9.0		ALDOB, ALDOC, ALDOA, GAPDHS, GAPDH, PGM2L1, PFKP, PFKL, PFKM, FBP2, FBP1, ACYP1, ACYP2, CRISP3, PGK1	Glycolysis / Gluconeogenesis (17/0.69); Glycerophospholipid metabolism (17/1.57); Amino sugar and nucleotide sugar metabolism (9/0.6); Glycine, serine and threonine metabolism (9/0.99); Fructose and mannose metabolism (4/0.36); Pentose phosphate pathway (4/0.41)	MPC1L, MPC1, MPC2, SLC5A8, SLC16A6, SLC16A5, SLC16A8, SLC16A4, SLC16A7, SLC16A3		
106_Sebaa2023_VLCADD_newborn_DBS_vs_healthy_newborn_DBS_dried_blood_spot	Sebaa et al 2023	VLCADD newborn DBS vs healthy newborn DBS	dried blood spot	human		204	p < 0.05	ok	37.0	14.0	23.0	False	261.0		AOC3, AOC1, AOC2, MAOB, MAOA, GLYAT, GLYATL2, GLYATL1, EPHX1, HDC, AGA, ACER3, HAS3, HAS1, HAS2	Nicotinate and nicotinamide metabolism (6/0.55); Inositol phosphate metabolism (8/1.46); Fructose and mannose metabolism (4/0.36); Cysteine and methionine metabolism (5/0.69); Biopterin metabolism (4/0.42); Purine metabolism (7/1.57)	SLC15A4, SLC15A3, SLC38A3, SLC25A2, SLC25A15, SLC7A2, SLC7A3, SLC38A5, SLC38A2, SLC38A4		
107_Sidorina2024_MMA_vs_CblC_urine	Sidorina et al 2024	MMA vs CblC	urine	human		285	p < 0.05	ok	43.0	7.0	24.0	False	168.0		ACOT8, LDHB, LDHAL6B, LDHC, LDHAL6A, CPT1A, CPT1B, CPT1C, CRAT, CPT2, CBS, MPST, TST, CTH, CLYBL	Tricarboxylic acid cycle and glyoxylate/dicarboxylate metabolism (11/0.53); Cysteine and methionine metabolism (9/0.69); Valine, leucine, and isoleucine metabolism (9/0.83); Amino sugar and nucleotide sugar metabolism (7/0.6); Alanine, aspartate and glutamate metabolism (7/0.63); Glycine, serine and threonine metabolism (8/0.99)	IDH3G, BCAP31, PDZD4, ABCD1, SLC33A1, SLC15A4, SLC15A3, SLC38A3, SLC25A2, SLC25A15		
108_Sidorina2024_PA_vs_CblC_urine	Sidorina et al 2024	PA vs CblC	urine	human		285	p < 0.05	ok	43.0	16.0	24.0	False	384.0		GLYAT, ACAT1, LDHB, LDHAL6B, LDHC, LDHAL6A, AUH, ACMSD, ACOT8, ABAT, MCCC1, MCCC2, MPST, TST, CBS	Cysteine and methionine metabolism (10/0.69); Tricarboxylic acid cycle and glyoxylate/dicarboxylate metabolism (8/0.53); Glycine, serine and threonine metabolism (10/0.99); Valine, leucine, and isoleucine metabolism (8/0.83); Androgen metabolism (6/0.56); Alanine, aspartate and glutamate metabolism (6/0.63)	IDH3G, BCAP31, PDZD4, ABCD1, SLC15A4, SLC15A3, SLC38A3, SLC25A2, SLC25A15, SLC7A2		
109_Sidorina2024_PA_vs_MMA_urine	Sidorina et al 2024	PA vs MMA	urine	human		285	p < 0.05	ok	43.0	14.0	2.0	False	28.0		GLYAT, ACAT1, ALDH9A1, ALDH3A2, ALDH7A1, ALDH2, ALDH1B1, AOX1, AUH, ACMSD, ALDH6A1, ACOT8, MCCC1, MCCC2, ABAT	Valine, leucine, and isoleucine metabolism (19/0.83); Propanoate metabolism (9/0.39); Pantothenate and CoA metabolism (8/0.39); Glycine, serine and threonine metabolism (7/0.99); Beta-alanine metabolism (3/0.25); Cysteine and methionine metabolism (4/0.69)	IDH3G, BCAP31, PDZD4, ABCD1, SLC22A15, SLC22A16, CRAT, OXSM, ESCO2, SLC33A1		
110_Wangler2018_PBD_ZSD_patients_vs_reference_population_group_mean_plasma_Peroxisom	Wangler et al 2018	PBD-ZSD patients vs reference population (group mean)	plasma	human	PEX1 (predominantly), other PEX genes	0	mean z over 0 subjects: BH q < 0.05 and |mean z| >= 1	skipped: fewer than 3 metabolites											Peroxisome biogenesis disorder - Zellweger spectrum disorder (PBD-ZSD, n=19)
111_Wangler2018_patient_raw_concentration_targeted_assay_plasma_Peroxisome_biogenesi	Wangler et al 2018	patient raw concentration (targeted assay)	plasma	human	PEX1 (predominantly)	1	mean z over 18 subjects: BH q < 0.05 and |mean z| >= 1	skipped: fewer than 3 metabolites											Peroxisome biogenesis disorder - Zellweger spectrum disorder (PBD-ZSD)
