input_id	met_id	name	role	log2fc	p	pairs	conductivity	bottleneck	conduit_current	exit_concentration	final_score
ATP	MAM01371	ATP	source	3.0553	0.0286683515509187	32	3.7800855580425123	0.2585112598422568	0.03940628345257992	0.07607259318392533	0.9565217391304348
Glucuronate	MAM01973	glucuronate	source	2.2543	0.0005757108029758	32	3.6246784326205597	0.13487829269466034	0.013519270425219923	0.050484562063854606	0.8478260869565217
Malate	MAM02439	malate	source	2.1133	0.0043305045656074	32	2.13553477978763	0.2365317761755506	0.021223520613025088	0.16188117936355786	0.8260869565217391
Citrate	MAM01587	citrate	source	2.3954	0.0356821846990992	32	1.2449050086367819	0.39783001453895517	0.01943275535463147	0.34013124413367735	0.782608695652174
Fumarate	MAM01862	fumarate	source	3.2067	0.0034407752017035	32	1.9052634949115665	0.22562971828355433	0.036173391812254665	0.18065073063266626	0.7826086956521738
Phosphorylcholine	MAM02738	phosphocholine	source	1.0429	0.0015675281211578	32	2.3728218924736186	0.1340347042319744	0.010120600995378799	0.12731209275955244	0.7608695652173914
Citrulline	MAM01588	citrulline	source	1.6091	0.0001109672013691	32	1.6322754292275796	0.21031753703412281	0.015452466707311959	0.2261728391022181	0.7391304347826086
N-Acetylneuraminate	MAM02543	N-acetylneuraminate	source	1.182	0.0010537058239663	32	3.493511966658117	0.067637911470952	0.006708995768000286	0.06581762570963297	0.7391304347826086
Spermidine	MAM02923	spermidine	source	0.9299	0.0040260384236671	32	2.384058943816332	0.0588698329822247	0.00991559700404697	0.11611441112272197	0.6739130434782609
Histamine	MAM02124	histamine	source	3.091	0.0144544210562564	32	0.4168487118377523	0.9999999999999996	0.043478260869565265	0.9999999999999992	0.6521739130434783
Adenylosuccinate	MAM01282	adenylosuccinate	source	2.9212	0.0012642200611189	32	0.9298832440773024	0.08560298704988067	0.006219667417418414	0.507104153107926	0.5869565217391304
Argininosuccinate	MAM01366	argininosuccinate	source	2.6175	0.0272382707452143	32	0.9158259503303237	0.06183034567034851	0.006424333628281073	0.5040296257722758	0.5217391304347826
cis-Aconitate	MAM01580	cis-aconitate	source	1.1585	0.04207223279937	32	0.7105362003330906	0.12349801983177189	0.0063063479873940766	0.4241144295605204	0.5217391304347826
o-Acetylcarnitine	MAM02634	O-acetylcarnitine	source	1.0632	0.0004193260339153	32	1.5864376084193796	4.440892098500626e-16	2.0032285009540868e-16	0.2500000000000001	0.4782608695652174
N6,N6,N6-Trimethyllysine	MAM02517	N6,N6,N6-trimethyl-L-lysine	source	0.9774	0.0188077345276805	32	0.7168946285173131	0.0027904895229077242	0.0004425322906091459	0.7521417429076394	0.3913043478260869
Phenaceturate	MAM02723	phenylacetylglycine	source	2.5802	0.0245853869649512	32	0.8539107292233102	2.220446049250313e-16	6.003651682076254e-17	0.5000000000000001	0.3586956521739131
Allantoin	MAM01313	allantoin	source	1.7253	0.0025504228498706	32	0.3823964164955704	0.012253127967919997	0.0011140870622246154	0.5038092672701794	0.30434782608695654
Pipecolate	MAM02413	L-pipecolate	source	3.0813	0.0113137927846218	32	0.33367076446452243	0.05665950412504411	0.0018840423333846312	0.5687707970367563	0.2826086956521739
Hippurate	MAM02123	hippurate	source	3.3329	0.0466890553604675	32	0.4438563768353931	0.0	0.0	1.0	0.22826086956521738
3-Methylhistidine	MAM03247	3-Methylhistidine	source	0.6866	0.0066375560713912	32	0.41684871183775196	0.0	0.0	1.0	0.18478260869565216
1-Methylhistamine	MAM02601	N-methylhistamine	source	2.2377	0.0125681333661372	32	0.29133110699842396	2.220446049250313e-16	5.80755250653105e-17	0.5000000000000002	0.16304347826086957
1-Methylnicotinamide	MAM00536	1-methylnicotinamide	source	3.5363	0.0042811505973681	32	0.3782662415540909	0.0	0.0	1.0	0.14130434782608695
Creatinine	MAM01621	creatinine	source	3.1232	0.013718891823233	32	0.14871624989124851	0.0	0.0	1.0	0.07608695652173914
Glu	MAM01974	glutamate	target	-0.8941	0.0010631413924209	23	2.2918183679911697	0.6388136538696113	0.1364606821445968	0.027433893492281588	0.953125
Gly	MAM01986	glycine	target	-0.7109	0.0083609623053072	23	2.239841252745799	0.8835551596390271	0.1592064253239199	0.09082909772416534	0.9375
His	MAM02125	histidine	target	-0.411	0.0130762884319628	23	2.1238453051318724	1.0000000000000198	0.15151491391965405	0.15370709355340736	0.9375
Carnitine	MAM02348	L-carnitine	target	-0.2184	0.0339966495721056	23	2.2749088717683437	0.5013901375399787	0.04751388713962781	0.02571719054821473	0.90625
Arg	MAM01365	arginine	target	-0.7345	0.0460747125350118	23	2.2115168460479713	0.5442168627660597	0.12342050464145402	0.06939766369920647	0.890625
Asp	MAM01370	aspartate	target	-1.6212	0.0047862405918699	23	2.1224231815617465	0.31555743986406337	0.07267953605307356	0.061597086504689216	0.765625
Met	MAM02471	methionine	target	-0.8367	0.0006399912328691	23	2.112760805132163	0.2665186261329227	0.03944431524050113	0.030862023299589633	0.703125
Choline	MAM01513	choline	target	-1.2248	0.0035435237436464	23	1.54661415369386	0.4580792788223403	0.03420133760266614	0.1011391116153701	0.703125
Glycerophosphate	MAM02914	sn-glycerol-3-phosphate	target	-0.823	0.0112469081302848	23	2.1012172112682834	0.27857455615784205	0.026352177294394392	0.022127574442255462	0.703125
IMP	MAM02167	IMP	target	-1.4754	0.0005630338272224	23	1.2349864305019203	0.467706952212094	0.044728497137350054	0.1537117530861712	0.6875
Adenosine	MAM01280	adenosine	target	-1.7313	0.000669981453191	23	1.372684781354748	0.3430585156267173	0.03186225924877226	0.11716772152839693	0.65625
Ser	MAM02896	serine	target	-0.493	0.0269966973094451	23	2.1168539539368503	0.13607196794801163	0.045366774575800135	0.03189549812507333	0.65625
Xanthine	MAM03148	xanthine	target	-1.0431	0.0221650808403909	23	1.08382862240506	0.4103123057108712	0.034381745706748464	0.1684940405727047	0.625
Guanidinoacetate	MAM02036	guanidinoacetate	target	-1.6318	0.0014039937979794	23	0.4561399220616627	0.9999999999999987	0.042119565217391235	0.9999999999999999	0.546875
N-Acetylglucosamine	MAM02527	N-acetylglucosamine	target	-1.2359	0.0118381891445525	23	1.7971569591162413	0.09275388391374917	0.011513401738623901	0.05090584362556188	0.546875
Asn	MAM01369	asparagine	target	-0.3975	0.0056049036708993	23	2.049565521433966	0.06796251664281983	0.020122802519004338	0.03539297773764478	0.53125
Thr	MAM02993	threonine	target	-0.6992	0.0170653849988091	23	2.0669477647128645	0.05412828623725047	0.018420036441940714	0.03287880864031021	0.53125
Adenine	MAM01279	adenine	target	-1.6867	2.93961577928137e-06	23	1.067004858754509	0.14520126130416128	0.015399579204432644	0.19300583358233156	0.5
Hypoxanthine	MAM02159	hypoxanthine	target	-1.6867	0.0014777468094069	23	1.021295606221326	0.26036721594945855	0.025060315190165324	0.20114433570269963	0.5
Inosine	MAM02170	inosine	target	-1.3763	0.000173593478656	23	0.9397264161156604	0.16945777963194297	0.017805557512010822	0.23213416367827747	0.4375
Glycerophosphorylcholine	MAM02912	sn-glycerol-3-PC	target	-1.3876	0.008558833604956	23	0.9439307013440172	0.07310799379431193	0.00483212772883677	0.26523840090903944	0.375
Uridine	MAM03123	uridine	target	-0.8131	0.0054818202539761	23	1.0464183361672987	0.0488292152911573	0.006555889488941422	0.17916677812267598	0.359375
5-Oxoproline	MAM01127	5-oxoproline	target	-1.2435	0.0044885645651907	23	1.1219614789374115	0.016045230649141873	0.0027396671508095973	0.17510361125740134	0.34375
NADP+	MAM02554	NADP+	target	-0.6902	0.014967017219667	23	0.7921592773178271	0.09457181815246096	0.0049461527471954545	0.20472673012322548	0.328125
FAD	MAM01802	FAD	target	-0.6973	0.0170333899837312	23	0.9259005088646453	0.029188277238841653	0.0022718490165994564	0.2543129200325559	0.25
Guanosine	MAM02038	guanosine	target	-0.8937	0.0011439820267436	23	0.8521070438442271	0.042535939121781774	0.004992087710759603	0.26122436892224027	0.234375
Betaine	MAM01393	betaine	target	-0.5622	0.0114251285260795	23	0.6448859097195263	0.05164570475886643	0.004485618148466222	0.5572040059003588	0.234375
Hydroxyproline	MAM03037	trans-4-hydroxy-L-proline	target	-0.6519	0.0365307229707349	23	0.9977684088608124	0.008935929243146179	0.0009944748533780464	0.26487586850889766	0.234375
Cystine	MAM01629	cystine	target	-1.7317	0.0157787575416961	23	0.8914122988292665	0.011374509276951772	0.002084171240988389	0.33222319794853705	0.1875
3-Ureidopropionate	MAM00923	3-ureidopropionate	target	-0.5013	0.0086829049350064	23	0.4447869750934274	0.025073597832520222	0.003460441786007427	0.597272532544418	0.140625
N-epsilon-Acetyllysine	MAM02169	indoleacetate	target	-0.9715	0.0027582321041033	23	0.1964784793432477	1.1102230246251565e-16	5.166459048017882e-17	0.5	0.0625
5-Hydroxylysine	MAM02381	L-hydroxylysine	target	-1.8317	0.0017622670930049	23	0.17861332814338238	0.0	0.0	1.0	0.03125
