subsystem	reactions_in_network	in_top	expected	fold	p	top_genes	q
Peptide metabolism	251	42	3.94	10.67	1.2433931823161905e-33		1.7407504552426667e-32
Protein degradation	9	9	0.14	63.77	3.980444078356549e-17	CTSA;CTSG;LGMN;CTSZ;CTSH;CTSC;CTSD;CTSL;CTSV;CTSK;CTSS;CTSB	2.786310854849584e-16
Beta-alanine metabolism	16	6	0.25	23.91	9.020582139027917e-08	ALDH3A2;ALDH2;ALDH1B1;ALDH9A1;ALDH7A1;ABAT;CNDP2;CNDP1;CARNS1	4.209604998213027e-07
Lysine metabolism	42	7	0.66	10.63	3.248615356428198e-06	BBOX1;TMLHE;PLOD1;PLOD3;PLOD2;COLGALT1;COLGALT2;SHMT2;SHMT1	1.1370153747498692e-05
Alanine, aspartate and glutamate metabolism	40	6	0.63	9.57	3.188603221065006e-05	ABAT;GAD1;GAD2;ALDH5A1;ASL;GPT	8.928089018982017e-05
Arginine and proline metabolism	98	8	1.54	5.21	0.0001357668897282	P4HA2;P4HA1;P4HB;P4HA3;ALDH3A2;ALDH2;ALDH1B1;ALDH9A1;ALDH7A1;AOC1;AOC3;AOC2	0.0003167894093658
Tricarboxylic acid cycle and glyoxylate/dicarboxylate metabolism	34	5	0.53	9.38	0.0001663465094621	OXCT1;OXCT2;SDHA;SDHB;SDHC;SDHD;SUCLA2;SUCLG1;SUCLG2;DLST	0.0003326930189242
Histidine metabolism	20	3	0.31	9.57	0.0035141323430324	CNDP2;CNDP1;CARNS1;HAL	0.0061497316003068
Protein assembly	1	1	0.02	63.77	0.0156813548690606		0.0243932186852055
Glycine, serine and threonine metabolism	63	2	0.99	2.02	0.259702028237441	ALAS1;ALAS2;CPNE7	0.3453786829835024
Beta oxidation of phytanic acid (peroxisomal)	20	1	0.31	3.19	0.2713689652013233	PHYH	0.3453786829835024
Fatty acid oxidation	368	7	5.77	1.21	0.3553947369106025	PHYH;ACOT8;ACOT4;ACAA1;ACOX3;EHHADH;SCP2;HSD17B4;ACOX1;CROT;CPT1A;CPT1C	0.4146271930623696
Cysteine and methionine metabolism	44	1	0.69	1.45	0.5023314378733648	TAT	0.5409723177097774
Isolated	157	2	2.46	0.81	0.7110323267206744	PLOD1;PLOD3;PLOD2;HIF1AN;ASPH	0.7110323267206743
